Formula,Name,Page number,bare_formula,phase_tag,reduced_formula,material_id,match_method,phase_name_verified,spacegroup
C6H6,BENZENE,296,C6H6,,HC,,no_mp_match,,
C6H10,CYCLOHEXENE,297,C6H10,,H5C3,,no_mp_match,,
C6H12,CYCLOHEXANE,298,C6H12,,H2C,,no_mp_match,,
C6H12[M],METHYLCYCLOPENTANE,299,C6H12,M,H2C,,no_mp_match,,
C6H14,HEXANE,300,C6H14,,H7C3,,no_mp_match,,
C7H8,TOLUENE (METHYLBENZENE),301,C7H8,,H8C7,,no_mp_match,,
C7H14,CYCLOHEPTANE,302,C7H14,,H2C,,no_mp_match,,
C7H14[M],METHYLCYCLOHEXANE,303,C7H14,M,H2C,,no_mp_match,,
C7H16,HEPTANE,304,C7H16,,H16C7,,no_mp_match,,
C8H10,"O-XYLENE (1,2-DIMETHYLBENZENE)",305,C8H10,,H5C4,,no_mp_match,,
C8H10[E],ETHYLBENZENE,306,C8H10,E,H5C4,,no_mp_match,,
C8H16,ETHYLCYCLOHEXANE,308,C8H16,,H2C,,no_mp_match,,
C8H18,OCTANE,309,C8H18,,H9C4,,no_mp_match,,
C9H2O,NONANE,310,C9H2O,,H2C9O,,no_mp_match,,
C10H22,DECANE,311,C10H22,,H11C5,,no_mp_match,,
CH2O2,FORMIC ACID,382,CH2O2,,H2CO2,,organic_ambiguous_isomers,,
CH4O,METHANOL,385,CH4O,,H4CO,,no_mp_match,,
C2H4O2,ACETIC ACID,387,C2H4O2,,H2CO,,organic_ambiguous_isomers,,
C2H6O,ETHANOL,388,C2H6O,,H6C2O,,no_mp_match,,
C3H6O,ACETONE,389,C3H6O,,H6C3O,,no_mp_match,,
C6H6O,PHENOL,390,C6H6O,,H6C6O,,no_mp_match,,
CH2S3,CARBONOTRITHIONIC ACID,393,CH2S3,,H2CS3,,organic_ambiguous_isomers,,
CH[g],METHYLIDYNE (GAS),280,CH,g,,,gas_phase_organic,,
CH2[g],METHYLENE (GAS),281,CH2,g,,,gas_phase_organic,,
CH3[g],METHYL (GAS),282,CH3,g,,,gas_phase_organic,,
CH4[g],METHANE (GAS),283,CH4,g,,,gas_phase_organic,,
C2H[g],DICARBON HYDRIDE (GAS),284,C2H,g,,,gas_phase_organic,,
C2H2[g],ACETYLENE (GAS),285,C2H2,g,,,gas_phase_organic,,
C2H3[g],DICARBON TRIHYDRIDE (GAS),286,C2H3,g,,,gas_phase_organic,,
C2H4[g],ETHENE (GAS),287,C2H4,g,,,gas_phase_organic,,
C2H5[g],ETHYL (GAS),288,C2H5,g,,,gas_phase_organic,,
C2H6[g],ETHANE (GAS),289,C2H6,g,,,gas_phase_organic,,
C3H4[g],PROPADIENE (GAS),290,C3H4,g,,,gas_phase_organic,,
C3H4[PY][g],PROPYNE (GAS),290,C3H4,g,,,gas_phase_organic,,
C3H6[g],CYCLOPROPANE (GAS),291,C3H6,g,,,gas_phase_organic,,
C3H6[P][g],PROPENE (GAS),291,C3H6,g,,,gas_phase_organic,,
C3H8[g],PROPANE (GAS),292,C3H8,g,,,gas_phase_organic,,
C4H6[g],BUT-1-YNE (GAS),292,C4H6,g,,,gas_phase_organic,,
C4H8[g],CYCLOBUTANE (GAS),293,C4H8,g,,,gas_phase_organic,,
C4H8[I][g],2-METHYLPROP-1-ENE (GAS),293,C4H8,g,,,gas_phase_organic,,
C4H10[g],BUTANE (GAS),294,C4H10,g,,,gas_phase_organic,,
C5H8[g],CYCLOPENTENE (GAS),294,C5H8,g,,,gas_phase_organic,,
C5H8[P][g],"PENTA-1,2-DIENE (GAS)",295,C5H8,g,,,gas_phase_organic,,
C5H10[g],CYCLOPENTANE (GAS),295,C5H10,g,,,gas_phase_organic,,
C5H12[g],PENTANE (GAS),296,C5H12,g,,,gas_phase_organic,,
C6H6[g],BENZENE (GAS),297,C6H6,g,,,gas_phase_organic,,
C6H10[g],CYCLOHEXENE (GAS),298,C6H10,g,,,gas_phase_organic,,
C6H12[g],CYCLOHEXANE (GAS),299,C6H12,g,,,gas_phase_organic,,
C6H12[M][g],METHYLCYCLOPENTANE (GAS),300,C6H12,g,,,gas_phase_organic,,
C6H14[g],HEXANE (GAS),301,C6H14,g,,,gas_phase_organic,,
C7H8[g],TOLUENE (METHYLBENZENE) (GAS),302,C7H8,g,,,gas_phase_organic,,
C7H14[g],CYCLOHEPTANE (GAS),303,C7H14,g,,,gas_phase_organic,,
C7H14[M][g],METHYLCYCLOHEXANE (GAS),304,C7H14,g,,,gas_phase_organic,,
C7H16[g],HEPTANE (GAS),305,C7H16,g,,,gas_phase_organic,,
C8H10[g],"O-XYLENE (1,2-DIMETHYLBENZENE) (GAS)",306,C8H10,g,,,gas_phase_organic,,
C8H10[E][g],ETHYLBENZENE (GAS),307,C8H10,g,,,gas_phase_organic,,
C8H14[g],OCT-1-YNE (GAS),307,C8H14,g,,,gas_phase_organic,,
C8H16[g],ETHYLCYCLOHEXANE (GAS),308,C8H16,g,,,gas_phase_organic,,
C8H18[g],OCTANE (GAS),309,C8H18,g,,,gas_phase_organic,,
C9H16[g],NON-1-YNE (GAS),310,C9H16,g,,,gas_phase_organic,,
C9H2O[g],NONANE (GAS),311,C9H2O,g,,,gas_phase_organic,,
C10H22[g],DECANE (GAS),312,C10H22,g,,,gas_phase_organic,,
CHBr3[g],TRIBROMOMETHANE (GAS),313,CHBr3,g,,,gas_phase_organic,,
CH2Br2[g],DIBROMOMETHANE (GAS),314,CH2Br2,g,,,gas_phase_organic,,
CH3Br[g],BROMOMETHANE (GAS),315,CH3Br,g,,,gas_phase_organic,,
CHBrI2[g],BROMODIIODOMETHANE (GAS),316,CHBrI2,g,,,gas_phase_organic,,
CHBr2I[g],DIBROMOIODOMETHANE (GAS),317,CHBr2I,g,,,gas_phase_organic,,
CH2BrI[g],BROMOIODOMETHANE (GAS),318,CH2BrI,g,,,gas_phase_organic,,
CHCl[g],CHLOROMETHYLENE (GAS),319,CHCl,g,,,gas_phase_organic,,
CHCl2[g],DICHLOROMETHYL (GAS),320,CHCl2,g,,,gas_phase_organic,,
CHCl3[g],TRICHLOROMETHANE (GAS),321,CHCl3,g,,,gas_phase_organic,,
CH2Cl[g],CHLOROMETHYL (GAS),322,CH2Cl,g,,,gas_phase_organic,,
CH2Cl2[g],DICHLOROMETHANE (GAS),323,CH2Cl2,g,,,gas_phase_organic,,
CH3Cl[g],CHLOROMETHANE (GAS),323,CH3Cl,g,,,gas_phase_organic,,
C2HCl[g],CHLOROACETYLENE (GAS),324,C2HCl,g,,,gas_phase_organic,,
C2HCl3[g],TRICHLOROETHYLENE (GAS),325,C2HCl3,g,,,gas_phase_organic,,
C2H2Cl2[g],DICHLOROETHYLENE (GAS),326,C2H2Cl2,g,,,gas_phase_organic,,
"C2H2Cl2[1,1][g]","1,1-DICHLOROETHYLENE (GAS)",327,C2H2Cl2,g,,,gas_phase_organic,,
C2H2Cl2I[cis][g],CIS-DICHLOROETHYLENE (GAS),328,C2H2Cl2I,g,,,gas_phase_organic,,
C2H2Cl2[trans][g],TRANS-DICHLROROETHYLENE (GAS),329,C2H2Cl2,g,,,gas_phase_organic,,
C2H3Cl[g],CHLOROETHENE (GAS),330,C2H3Cl,g,,,gas_phase_organic,,
C2H5Cl[g],CHLOROETHANE (GAS),330,C2H5Cl,g,,,gas_phase_organic,,
CHClBr2[g],CHLORODIBROMOMETHANE (GAS),331,CHClBr2,g,,,gas_phase_organic,,
CHCl2Br[g],DICHLOROBROMOMETHANE (GAS),332,CHCl2Br,g,,,gas_phase_organic,,
CH2ClBr[g],CHLOROBROMOMETHANE (GAS),333,CH2ClBr,g,,,gas_phase_organic,,
CHClBrI[g],CHLOROBROMOIODOMETHANE (GAS),334,CHClBrI,g,,,gas_phase_organic,,
CHClI2[g],CHLORODIIODOMETHANE (GAS),335,CHClI2,g,,,gas_phase_organic,,
CHCl2I[g],DICHLOROIODOMETHANE (GAS),336,CHCl2I,g,,,gas_phase_organic,,
CH2ClI[g],CHLOROIODOMETHANE (GAS),337,CH2ClI,g,,,gas_phase_organic,,
C12H4Cl4O2[g],"2, 3, 7, 8-TETRACHLORODIBENZEDIOXIN",338,C12H4Cl4O2,g,,,gas_phase_organic,,
C12H4Cl4O2[g],"2, 3, 7, 8-TETRACHLORODIBENZEDIOXIN (GAS)",339,C12H4Cl4O2,g,,,gas_phase_organic,,
CHF[g],FLUOROMETHYLENE (GAS),340,CHF,g,,,gas_phase_organic,,
CHF2[g],DIFLUOROMETHYL (GAS),341,CHF2,g,,,gas_phase_organic,,
CHF3[g],TRIFLUOROMETHANE (GAS),342,CHF3,g,,,gas_phase_organic,,
CH2F[g],FLUOROMETHYL (GAS),343,CH2F,g,,,gas_phase_organic,,
CH2F2[g],DIFLUOROMETHANE (GAS),344,CH2F2,g,,,gas_phase_organic,,
CH3F[g],FLUOROMETHANE (GAS),345,CH3F,g,,,gas_phase_organic,,
C2HF[g],FLUOROACETYLENE (GAS),346,C2HF,g,,,gas_phase_organic,,
C2HF3[g],TRIFLUOROETHYLENE (GAS),347,C2HF3,g,,,gas_phase_organic,,
C2H2F2[g],DIFLUOROETHYLENE (GAS),348,C2H2F2,g,,,gas_phase_organic,,
"C2H2F2[1,1][g]","1,1-DIFLUOROETHYLENE (GAS)",349,C2H2F2,g,,,gas_phase_organic,,
C2H2F2[cis][g],CIS-DIFLUOROETHYLENE (GAS),350,C2H2F2,g,,,gas_phase_organic,,
C2H2F2[trans][g],TRANS-DIFLUOROETHYLENE (GAS),351,C2H2F2,g,,,gas_phase_organic,,
C2H3F[g],FLUOROETHYLENE (GAS),352,C2H3F,g,,,gas_phase_organic,,
CHFBr2[g],FLUORODIBROMOMETHANE (GAS),353,CHFBr2,g,,,gas_phase_organic,,
CHF2Br[g],DIFLUOROBROMOMETHANE (GAS),354,CHF2Br,g,,,gas_phase_organic,,
CH2FBr[g],FLUOROBROMOMETHANE (GAS),355,CH2FBr,g,,,gas_phase_organic,,
CHFBrI[g],FLUOROBROMOIODOMETHANE (GAS),356,CHFBrI,g,,,gas_phase_organic,,
CHFCl[g],FLUOROCHLOROMETHYL (GAS),357,CHFCl,g,,,gas_phase_organic,,
CHFCl2[g],FLUORODICHLOROMETHANE (GAS),358,CHFCl2,g,,,gas_phase_organic,,
CHF2Cl[g],DIFLUOROCHLOROMETHANE (GAS),359,CHF2Cl,g,,,gas_phase_organic,,
CH2FCl[g],FLUOROCHLOROMETHANE (GAS),360,CH2FCl,g,,,gas_phase_organic,,
C2HFCl2[g],FLUORODICHLOROETHYLENE (GAS),361,C2HFCl2,g,,,gas_phase_organic,,
"C2HFCl2[1,1][g]","1,1-FLUORODICHLOROETHYLENE (GAS)",362,C2HFCl2,g,,,gas_phase_organic,,
C2HFCl2[cis][g],CIS-FLUORODICHLOROETHYLENE (GAS),363,C2HFCl2,g,,,gas_phase_organic,,
C2HFCl2[trans][g],TRANS-FLUORODICHLOROETHYLENE (GAS),364,C2HFCl2,g,,,gas_phase_organic,,
C2HF2Cl[g],DIFLUOROCHLOROETHYLENE (GAS),365,C2HF2Cl,g,,,gas_phase_organic,,
"C2HF2Cl[1,1][g]","1,1-DIFLUOROCHLOROETHYLENE (GAS)",366,C2HF2Cl,g,,,gas_phase_organic,,
C2HF2Cl[cis][g],CIS-DIFLUOROCHLOROETHYLENE (GAS),367,C2HF2Cl,g,,,gas_phase_organic,,
C2HF2Cl[trans][g],TRANS-DIFLUOROCHLOROETHYLENE (GAS),368,C2HF2Cl,g,,,gas_phase_organic,,
C2H2FCl[g],FLUOROCHLOROETHYLENE (GAS),369,C2H2FCl,g,,,gas_phase_organic,,
"C2H2FCl[1,1][g]","1,1-FLUOROCHLOROETHYLENE (GAS)",370,C2H2FCl,g,,,gas_phase_organic,,
C2H2FCl[cis][g],CIS-FLUOROCHLOROETHYLENE (GAS),371,C2H2FCl,g,,,gas_phase_organic,,
C2H2FCl[trans][g],TRANS-FLUOROCHLOROETHYLENE (GAS),372,C2H2FCl,g,,,gas_phase_organic,,
CHFCIBr[g],FLUOROCHLOROBROMOMETHANE (GAS),373,CHFClBr,g,,,gas_phase_organic,,
CHFClI[g],FLUOROCHLOROIODOMETHANE (GAS),374,CHFClI,g,,,gas_phase_organic,,
CHFI2[g],FLUORODIIODOMETHANE (GAS),375,CHFI2,g,,,gas_phase_organic,,
CHF2I[g],DIFLUOROIODOMETHANE (GAS),376,CHF2I,g,,,gas_phase_organic,,
CH2FI[g],FLUOROIODOMETHANE (GAS),377,CH2FI,g,,,gas_phase_organic,,
CHI3[g],TRIIODOMETHANE (GAS),378,CHI3,g,,,gas_phase_organic,,
CH2I2[g],DIIODOMETHANE (GAS),379,CH2I2,g,,,gas_phase_organic,,
CH3I[g],IODOMETHANE (GAS),380,CH3I,g,,,gas_phase_organic,,
CHO[g],OXOMETHYL (GAS),381,CHO,g,,,gas_phase_organic,,
CH2O[g],FORMALDEHYDE (GAS),382,CH2O,g,,,gas_phase_organic,,
CH2O2[g],FORMIC ACID (GAS),383,CH2O2,g,,,gas_phase_organic,,
CH3O[g],CARBON OXIDE-TRIHYDRIDE (GAS),384,CH3O,g,,,gas_phase_organic,,
CH4O[g],METHANOL (GAS),386,CH4O,g,,,gas_phase_organic,,
C2H2O[g],ETHENONE (KETENE) (GAS),386,C2H2O,g,,,gas_phase_organic,,
C2H4O[g],ACETALDEHYDE (GAS),387,C2H4O,g,,,gas_phase_organic,,
C2H4O2[g],ACETIC ACID (GAS),388,C2H4O2,g,,,gas_phase_organic,,
C2H6O[g],ETHANOL (GAS),389,C2H6O,g,,,gas_phase_organic,,
C3H6O[g],ACETONE (GAS),390,C3H6O,g,,,gas_phase_organic,,
C6H6O[g],PHENOL (GAS),391,C6H6O,g,,,gas_phase_organic,,
CH2OH[g],CARBON DIHYDRIDE-HYDROXIDE (GAS),392,CH2OH,g,,,gas_phase_organic,,
COOH[g],CARBOXYL (GAS),411,COOH,g,,,gas_phase_organic,,
HCCN[g],DICARBON HYDRIDE-NITRIDE (GAS),786,HCCN,g,,,gas_phase_organic,,
HCN[g],HYDROGEN CYANIDE (GAS),787,HCN,g,,,gas_phase_organic,,
HClCO[g],CARBON OXIDE-HYDRIDE-CHLORIDE (GAS),789,HClCO,g,,,gas_phase_organic,,
HFCO[g],CARBON OXIDE-HYDRIDE-FLUORIDE (GAS),791,HFCO,g,,,gas_phase_organic,,
HNC[g],NITROGEN HYDRIDE-CARBIDE (GAS),793,HNC,g,,,gas_phase_organic,,
HNCO[g],ISOCYANIC ACID (GAS),794,HNCO,g,,,gas_phase_organic,,
