Formula,Name,Page number,bare_formula,phase_tag,reduced_formula,material_id,match_method,phase_name_verified,spacegroup,cod_id,cod_sg,cif_file
AgP3,SILVER TRIPHOSPHIDE,13,AgP3,,AgP3,,no_mp_match,,,,,
Au3AsO4,TRIGOLD ARSENATE,94,Au3AsO4,,AsAu3O4,,no_mp_match,,,,,
Au(OH)3,GOLD TRIHYDROXIDE (PRECIPITATED),99,Au(OH)3,,H3AuO3,,no_mp_match,,,,,
Ba3Al2O6,TRIBARIUM DIALUMINIUM HEXAOXIDE,150,Ba3Al2O6,,Ba3Al2O6,,no_mp_match,,,,,
Be3(AsO4)2,BERYLLIUM ARSENATE,165,Be3(AsO4)2,,Be3(AsO4)2,,no_mp_match,,,,,
Be3B2O6,TRIBERYLLIUM DIBORATE,182,Be3B2O6,,Be3(BO3)2,,no_mp_match,,,,,
BeSO4*2H2O,BERYLLIUM SULFATE DIHYDRATE,188,BeSO4*2H2O,,BeH4SO6,,no_mp_match,,,,,
BeWO4,BERYLLIUM TUNGSTATE,189,BeWO4,,BeWO4,,no_mp_match,,,,,
Ca(NO3)2*2H2O,CALCIUM NITRATE DIHYDRATE,438,Ca(NO3)2*2H2O,,CaH4(NO4)2,,no_mp_match,,,,,
Ca(NO3)2*3H2O,CALCIUM NITRATE TRIHYDRATE,439,Ca(NO3)2*3H2O,,CaH6N2O9,,no_mp_match,,,,,
Ca8Al2SiO12,GROSSULAR,448,Ca8Al2SiO12,,Ca8Al2SiO12,,no_mp_match,,,,,
Ca(OCl)Cl,CALCIUM CHLORIDE HYPOCHLORITE,452,Ca(OCl)Cl,,CaCl2O,,no_mp_match,,,,,
CaMgO2,CALCIUM MAGNESIUM DIOXIDE,456,CaMgO2,,CaMgO2,,no_mp_match,,,,,
Ca2SiO4*7/6H2O,CALCIUM ORTHOSILICATE 7/6-HYDRATE,466,Ca2SiO4*7/6H2O,,Ca12Si6H14O31,,no_mp_match,,,,,
Ca4Si3O10*1.5H2O,4-CALCIUM 3-SILICATE 3/2-HYDRATE,467,Ca4Si3O10*1.5H2O,,Ca8Si6H6O23,,no_mp_match,,,,,
Ca5Si6O17*3H2O,5-CALCIUM 6-SILICATE 3-HYDRATE,468,Ca5Si6O17*3H2O,,Ca5Si6(H3O10)2,,no_mp_match,,,,,
CaSO3,CALCIUM SULFITE,482,CaSO3,,CaSO3,,no_mp_match,,,,,
Cd11U,11-CADMIUM URANIUM,506,Cd11U,,UCd11,,no_mp_match,,,,,
Ce2(SO4)3,CERIUM SULFATE,523,Ce2(SO4)3,,Ce2(SO4)3,,no_mp_match,,,,,
Cr3(AsO4)2,TRICHROMIUM ARSENATE,557,Cr3(AsO4)2,,Cr3(AsO4)2,,no_mp_match,,,,,
Cu3AsO4,TRICOPPER ARSENATE,604,Cu3AsO4,,Cu3AsO4,,no_mp_match,,,,,
DyCl3*6H2O,DYSPROSIUM CHLORIDE HEXAHYDRATE,647,DyCl3*6H2O,,DyH12(ClO2)3,,no_mp_match,,,,,
ErCl3*6H2O,ERBIUM CHLORIDE HEXAHYDRATE,656,ErCl3*6H2O,,ErH12(ClO2)3,,no_mp_match,,,,,
EuCl3*6H2O,EUROPIUM CHLORIDE HEXAHYDRATE,665,EuCl3*6H2O,,EuH12(ClO2)3,,no_mp_match,,,,,
Fe3Mo2,3-IRON 2-MOLYBDENUM,697,Fe3Mo2,,Fe3Mo2,,no_mp_match,,,,,
Fe(OH)3,IRON TRIHYDROXIDE,705,Fe(OH)3,,Fe(HO)3,,no_mp_match,,,,,
FeSi2.33,LEBOITE (ALPHA),723,FeSi2.33,,Fe3Si7,,no_mp_match,,,,,
Ga2(SeO4)3,GALLIUM SELENATE,746,Ga2(SeO4)3,,Ga2(SeO4)3,,no_mp_match,,,,,
GdI3,GADOLINIUM IODIDE,756,GdI3,,GdI3,,no_mp_match,,,,,
GeU,GERMANIUM URANIUM,778,GeU,,UGe,,no_mp_match,,,,,
HoCl3*6H2O,HOLMIUM CHLORIDE HEXAHYDRATE,841,HoCl3*6H2O,,HoH12(ClO2)3,,no_mp_match,,,,,
InAsO4,INDIUM ARSENATE,848,InAsO4,,InAsO4,,no_mp_match,,,,,
In2Te,DIINDIUM TELLURIDE,871,In2Te,,In2Te,,no_mp_match,,,,,
Irl2,IRIDIUM DIIODIDE,877,IrI2,,IrI2,,no_mp_match,,,,,
KAl(SO4)2*3H2O,POTASSIUM ALUMIN. SULFATE 3-HYDRATE,884,KAl(SO4)2*3H2O,,KAlH6S2O11,,no_mp_match,,,,,
LiBeF3,LITHIUM TRIFLUOROBERYLLATE,949,LiBeF3,,LiBeF3,,no_mp_match,,,,,
Mg(OH)Cl,MAGNESIUM CHLORIDE HYDROXIDE,1017,Mg(OH)Cl,,MgHClO,,no_mp_match,,,,,
MnP3,MANGANESE TRIPHOSPHIDE,1053,MnP3,,MnP3,,no_mp_match,,,,,
MoAsO4,MOLYBDENUM ARSENATE,1066,MoAsO4,,MoAsO4,,no_mp_match,,,,,
MoO2Cl2,MOLYBDENUM DICHLORIDE DIOXIDE,1074,MoO2Cl2,,Mo(ClO)2,,no_mp_match,,,,,
Na2S3,DISODIUM TRISULFIDE,1146,Na2S3,,Na2S3,,no_mp_match,,,,,
NbCl2,NIOBIUM DICHLORIDE,1164,NbCl2,,NbCl2,,no_mp_match,,,,,
NbCl3,NIOBIUM TRICHLORIDE,1166,NbCl3,,NbCl3,,no_mp_match,,,,,
NbCl3.13,NIOBIUM 3.13-CHLORIDE,1166,NbCl3.13,,Nb15Cl47,,no_mp_match,,,,,
NbO2Cl,NIOBIUM CHLORIDE DIOXIDE,1177,NbO2Cl,,NbClO2,,no_mp_match,,,,,
NiSe1.143,NICKEL 1.143-SELENIDE,1224,NiSe1.143,,Ni7Se8,,no_mp_match,,,,,
Ni7Si13,7-NICKEL 13-SILICON,1227,Ni7Si13,,Si13Ni7,,no_mp_match,,,,,
NpOCl2,NEPTUNIUM DICHLORIDE OXIDE,1237,NpOCl2,,NpCl2O,,no_mp_match,,,,,
NpO3*H2O,NEPTUNIUM TRIOXIDE HYDRATE,1237,NpO3*H2O,,Np(HO2)2,,no_mp_match,,,,,
PbB2O4,LEAD DIBORATE,1297,PbB2O4,,B2PbO4,,no_mp_match,,,,,
3PbO*PbSO4,TETRALEAD TRIOXIDE SULFATE,1299,3PbO*PbSO4,,Pb4SO7,,no_mp_match,,,,,
4PbO*PbS04,PENTALEAD TETRAOXIDE SULFATE,1300,4PbO*PbS04,,Pb5(SO)4,,no_mp_match,,,,,
Pb4SiO6,TETRALEAD SILICATE,1302,Pb4SiO6,,Si(Pb2O3)2,,no_mp_match,,,,,
PtBr2,PLATINUM DIBROMIDE,1332,PtBr2,,PtBr2,,no_mp_match,,,,,
PtBr4,PLATINUM TETRABROMIDE,1333,PtBr4,,PtBr4,,no_mp_match,,,,,
PuC0.88,PLUTONIUM 0.88-CARBIDE,1342,PuC0.88,,Pu17C15,,no_mp_match,,,,,
PuF6,PLUTONIUM HEXAFLUORIDE,1347,PuF6,,PuF6,,no_mp_match,,,,,
Pu(SO4)2,PLUTONIUM DISULFATE,1358,Pu(SO4)2,,Pu(SO4)2,,no_mp_match,,,,,
Rb3AsO4,RUBIDIUM ARSENATE,1362,Rb3AsO4,,Rb3AsO4,,no_mp_match,,,,,
Rb2Si4O9,RUBIDIUM TETRASILICATE,1377,Rb2Si4O9,,Rb2Si4O9,,no_mp_match,,,,,
ReAsO4,RHENIUM ARSENATE,1383,ReAsO4,,ReAsO4,,no_mp_match,,,,,
ReBr3,RHENIUM TRIBROMIDE,1383,ReBr3,,ReBr3,,no_mp_match,,,,,
Re2S7,DIRHENIUM HEPTASULFIDE,1386,Re2S7,,Re2S7,,no_mp_match,,,,,
Si5Th3,5-SILICON 3-THORIUM,1516,Si5Th3,,Th3Si5,,no_mp_match,,,,,
Sn3(AsO4)2,TRITIN ARSENATE,1540,Sn3(AsO4)2,,Sn3(AsO4)2,,no_mp_match,,,,,
TaO2Cl,TANTALUM CHLORIDE DIOXIDE,1608,TaO2Cl,,TaClO2,,no_mp_match,,,,,
TcO3,TECHNETIUM TRIOXIDE,1623,TcO3,,TcO3,,no_mp_match,,,,,
ThC1.94,THORIUM 1.94-CARBIDE,1644,ThC1.94,,Th17C33,,no_mp_match,,,,,
ThOBr2,THORIUM DIBROMIDE OXIDE,1659,ThOBr2,,ThBr2O,,no_mp_match,,,,,
ThOCl2,THORIUM DICHLORIDE OXIDE,1659,ThOCl2,,ThCl2O,,no_mp_match,,,,,
ThOF2,THORIUM DIFLUORIDE OXIDE,1660,ThOF2,,ThOF2,,no_mp_match,,,,,
ThOl2,THORIUM DIIODIDE OXIDE,1660,ThOI2,,ThI2O,,no_mp_match,,,,,
Ti3(AsO4)2,TRITITANIUM DIARSENATE,1668,Ti3(AsO4)2,,Ti3(AsO4)2,,no_mp_match,,,,,
Tl2Se,THALLIUM SELENIDE,1716,Tl2Se,,Tl2Se,,no_mp_match,,,,,
UC1.94,URANIUM 1.94-CARBIDE,1732,UC1.94,,U17C33,,no_mp_match,,,,,
UOBr2,URANIUM DIBROMIDE OXIDE,1748,UOBr2,,UBr2O,,no_mp_match,,,,,
UOBr3,URANIUM TRIBROMIDE OXIDE,1749,UOBr3,,UBr3O,,no_mp_match,,,,,
UO2Br2,URANIUM DIBROMIDE DIOXIDE,1749,UO2Br2,,U(BrO)2,,no_mp_match,,,,,
UOCl,URANIUM CHLORIDE OXIDE,1750,UOCl,,UClO,,no_mp_match,,,,,
UOCl3,URANIUM TRICHLORIDE OXIDE,1751,UOCl3,,UCl3O,,no_mp_match,,,,,
VN0.465,VANADIUM 0.465-NITRIDE,1773,VN0.465,,V15N7,,no_mp_match,,,,,
ZnSO4*2H2O,ZINC SULFATE DIHYDRATE,1846,ZnSO4*2H2O,,ZnH4SO6,,no_mp_match,,,,,
ZnSO4*6H2O,ZINC SULFATE HEXAHYDRATE,1846,ZnSO4*6H2O,,ZnH12SO10,,no_mp_match,,,,,
ZrF2,ZIRCONIUM DIFLUORIDE,1867,ZrF2,,ZrF2,,no_mp_match,,,,,
ZrF3,ZIRCONIUM TRIFLUORIDE,1868,ZrF3,,ZrF3,,no_mp_match,,,,,
Ca5Si6O17*10.5w,5-CALCIUM 6-SILICATE 10.5-HYDRATE,469,Ca5Si6O17*10.5w,,,,unparseable_formula,,,,,
