Formula,Name,Page number
Ag,SILVER,1
Ag[g],SILVER (GAS),2
Ag3AsO4,SILVER ARSENATE,3
AgBr,SILVER BROMIDE,3
AgBr[g],SILVER BROMIDE (GAS),4
AgBrO3,SILVER BROMATE,4
AgCN,SILVER CYANIDE,5
Ag2CO3,SILVER CARBONATE,5
AgCl,SILVER CHLORIDE,6
AgCl[g],SILVER CHLORIDE (GAS),7
AgClO3,SILVER CHLORATE,7
Ag2CrO4,SILVER CHROMATE,8
AgF,SILVER FLUORIDE,8
AgF[g],SILVER FLUORIDE (GAS),9
AgI,SILVER IODIDE,10
AgI[g],SILVER IODIDE (GAS),11
AgNO3,SILVER NITRATE,11
Ag2O,SILVER OXIDE,12
AgP2,SILVER DIPHOSPHIDE,12
AgP3,SILVER TRIPHOSPHIDE,13
Ag2S,SILVER SULFIDE,13
Ag2SO4,SILVER SULFATE,14
Ag2Se,SILVER SELENIDE,15
Ag2Te,SILVER TELLURIDE,16
Ag2WO4,SILVER TUNGSTATE,16
Al,ALUMINIUM,17
Al[g],ALUMINIUM (GAS),18
AlAs,ALUMINIUM ARSENIDE,19
AlAsO4,ALUMINIUM ARSENATE,19
AlB2,ALUMINIUM DIBORIDE,20
AlB12,ALUMINIUM DODECABORIDE,21
AlBr[g],ALUMINIUM MONOBROMIDE (GAS),22
AlBr3,ALUMINIUM BROMIDE,23
AlBr3[g],ALUMINIUM BROMIDE (GAS),24
Al2Br6[g],DIALUMINIUM HEXABROMIDE (GAS),25
Al4C3,TETRAALUMINIUM TRICARBIDE,26
Al2Ca,2-ALUMINIUM CALCIUM,27
Al4Ca,4-ALUMINIUM CALCIUM,27
Al2Ce,2-ALUMINIUM CERIUM,28
Al4Ce,4-ALUMINIUM CERIUM,28
AlCl[g],ALUMINIUM MONOCHLORIDE (GAS),29
AlCl2[g],ALUMINIUM DICHLORIDE (GAS),30
AlCl3,ALUMINIUM CHLORIDE,30
AlCl3[g],ALUMINIUM CHLORIDE (GAS),31
Al2Cl6[g],DIALUMINIUM HEXACHLORIDE (GAS),32
AlCl3*6H2O,ALUMINIUM CHLORIDE HEXAHYDRATE,32
AlCo,ALUMINIUM COBALT,33
Al5Co2,5-ALUMINIUM 2-COBALT,33
AlF[g],ALUMINIUM MONOFLUORIDE (GAS),34
AlF2[g],ALUMINIUM DIFLUORIDE (GAS),35
AlF3,ALUMINIUM FLUORIDE,36
AlF3[g],ALUMINIUM FLUORIDE (GAS),37
Al2F6[g],DIALUMINIUM HEXAFLUORIDE (GAS),38
AlH3,ALUMINIUM HYDRIDE (HEXAGONAL),38
All3,ALUMINIUM IODIDE,39
AlI3[g],ALUMINIUM IODIDE (GAS),39
Al2I6[g],DIALUMINIUM HEXAIODIDE (GAS),40
Al2La,2-ALUMINIUM LANTHANUM,41
AlLi,ALUMINIUM LITHIUM,41
AlN,ALUMINIUM NITRIDE,42
AlNi,ALUMINIUM NICKEL,42
AlNi3,ALUMINIUM 3-NICKEL,43
Al3Ni,3-ALUMINIUM NICKEL,43
Al3Ni2,3-ALUMINIUM 2-NICKEL,44
AlO[g],ALUMINIUM MONOXIDE (GAS),44
AlO2[g],ALUMINIUM DIOXIDE (GAS),45
Al2O[g],DIALUMINIUM OXIDE (GAS),46
Al2O2[g],DIALUMINIUM DIOXIDE (GAS),47
Al2O3,"ALUMINIUM OXIDE (ALPHA,CORUNDUM)",48
Al2O3[C],ALUMINIUM OXIDE (GAMMA),49
Al2O3[D],ALUMINUIM OXIDE (DELTA),50
Al2O3[K],ALUMINIUM OXIDE (KAPPA),51
Al4B2O9,4-ALUMINIUM 2-BORON 9-OXIDE,52
Al18B4O33,18-ALUMINIUM 4-BORON 33-OXIDE,52
AlOCl,ALUMINIUM CHLORIDE OXIDE,53
AlOCl[g],ALUMINIUM CHLORIDE OXIDE (GAS),53
AlOF[g],ALUMINIUM FLUORIDE OXIDE (GAS),54
AlOF2[g],ALUMINIUM DIFLUORIDE OXIDE (GAS),55
Al(OH)3,ALUMINIUM HYDROXIDE (AMORPHOUS),55
Al2O3*H2O,DIASPORE,56
Al2O3*H2O[B],BOEHMITE,56
Al2O3*3H2O,GIBBSITE,57
Al4Mg2Si5O18,CORDIERITE,57
Al2SiO5,ALUMINIUM SILICATE (KYANITE),58
Al2SiO5[A],ALUMINIUM SILICATE (ANDALUSITE),59
Al2SiO5[S],ALUMINIUM SILICATE (SILLIMANITE),60
Al6Si2O13,MULLITE,61
Al2Si2O7*2H2O,KAOLINITE,61
Al2Si2O7*2H2O[D],DICKITE,62
Al2Si2O7*2H2O[H],HALLOYSITE,62
Al2TiO5,DIALUMINIUM TITANIUM PENTAOXIDE,63
AlP,ALUMINIUM PHOSPHIDE,64
AlPO4,ALUMINIUM PHOSPHATE,65
AlS[g],ALUMINIUM MONOSULFIDE (GAS),66
Al2S3,ALUMINIUM SULFIDE,67
Al2(SO4)3,ALUMINIUM SULFATE,67
AlSb,ALUMINIUM ANTIMONY,68
Al2Se2[g],DIALUMINIUM DISELENIDE (GAS),69
Al2Se3,ALUMINIUM SELENIDE,69
AlTe[g],ALUMINIUM MONOTELLURIDE (GAS),70
Al2Te3,ALUMINIUM TELLURIDE,70
Al3Th,3-ALUMINIUM THORIUM,71
AlTi,ALUMINIUM TITANIUM,71
Al3Ti,3-ALUMINIUM TITANIUM,72
Al2U,2-ALUMINIUM URANIUM,72
Al3U,3-ALUMINIUM URANIUM,73
Al4U,4-ALUMINIUM URANIUM,73
Am,AMERICIUM,74
Am[g],AMERICIUM (GAS),75
Ar[g],ARGON (GAS),76
As,ARSENIC,77
As[g],ARSENIC (GAS),77
As2[g],ARSENIC (GAS),78
As3[g],ARSENIC (GAS),78
As4[g],ARSENIC (GAS),79
AsBr3[g],ARSENIC BROMIDE (GAS),79
AsCl3,ARSENIC CHLORIDE,80
AsCl3[g],ARSENIC CHLORIDE (GAS),80
AsF3,ARSENIC FLUORIDE,81
AsF3[g],ARSENIC FLUORIDE (GAS),81
AsF5[g],ARSENIC PENTAFLUORIDE (GAS),82
AsH3[g],ARSENIC HYDRIDE,83
AsI3,ARSENIC IODIDE,83
AsI3[g],ARSENIC IODIDE (GAS),84
AsO[g],ARSENIC MONOXIDE (GAS),84
As2O3,ARSENIC OXIDE (CLAUDETITE),85
As2O3[A],ARSENIC OXIDE (ARSENOLITE),85
As2O5,DIARSENIC PENTAOXIDE,86
As4O6[g],TETRAARSENIC HEXAOXIDE (GAS),86
AsS[g],ARSENIC MONOSULFIDE (GAS),87
As2S2,DIARSENIC DISULFIDE,87
As2S3,ARSENIC SULFIDE,88
As4S4,TETRAARSENIC TETRASULFIDE,88
As4S4[g],TETRAARSENIC TETRASULFIDE (GAS),89
As4S4[R],TETRAARSENIC TETRASULFIDE (REALGAR),89
AsSe[g],ARSENIC MONOSELENIDE (GAS),90
As2Se3,ARSENIC SELENIDE,90
AsTe[g],ARSENIC MONOTELLURIDE (GAS),91
As2Te3,ARSENIC TELLURIDE,91
Au,GOLD,92
Au[g],GOLD (GAS),93
Au3AsO4,TRIGOLD ARSENATE,94
AuBr,GOLD MONOBROMIDE,94
AuCd,GOLD CADMIUM,95
AuCl,GOLD MONOCHLORIDE,95
AuCl3,GOLD TRICHLORIDE,96
AuCu,GOLD COPPER,96
AuCu3,GOLD 3-COPPER,97
AuF3,GOLD TRIFLUORIDE,97
AuI,GOLD MONOIODIDE,98
Au2O3,DIGOLD TRIOXIDE,98
Au(OH)3,GOLD TRIHYDROXIDE (PRECIPITATED),99
Au2P3,DIGOLD TRIPHOSPHIDE,99
AuS[g],GOLD MONOSULFIDE (GAS),100
AuSb2,GOLD 2-ANTIMONY,100
AuSe,GOLD MONOSELENIDE (ALPHA),101
AuSe[B],GOLD MONOSELENIDE (BETA),101
AuSn,GOLD TIN,102
AuSn2,GOLD 2-TIN,102
AuSn4,GOLD 4-TIN,103
AuTe2,GOLD DITELLURIDE,103
B,BORON (BETA),104
B[g],BORON (GAS),105
B[GL],BORON (GLASS),106
BBr[g],BORON MONOBROMIDE (GAS),107
BBr2[g],BORON DIBROMIDE (GAS),108
BBr3,BORON TRIBROMIDE,108
BBr3[g],BORON TRIBROMIDE (GAS),109
B4C,TETRABORON MONOCARBIDE,110
BCl[g],BORON MONOCHLORIDE (GAS),111
BCl2[g],BORON DICHLORIDE (GAS),112
BCl3[g],BORON TRICHLORIDE (GAS),113
BF[g],BORON MONOFLUORIDE (GAS),114
BF2[g],BORON DIFLUORIDE (GAS),115
BF3[g],BORON TRIFLUORIDE (GAS),116
BH[g],BORON MONOHYDRIDE (GAS),117
B2H6[g],DIBORANE (GAS),117
BI[g],BORON MONOIODIDE (GAS),118
BI2[g],BORON DIIODIDE (GAS),119
BI3[g],BORON TRIIODIDE (GAS),120
BN,BORON NITRIDE,121
B2O3,BORON OXIDE,122
B2O3[g],BORON OXIDE (IDEAL GAS),123
B2O3[GL],BORON OXIDE (GLASS),124
BOCl[g],BORON CHLORIDE OXIDE (GAS),125
BP,BORON MONOPHOSPHIDE,125
BS[g],BORON MONOSULFIDE (GAS),126
B2S3,DIBORON TRISULFIDE,126
Ba,BARIUM,127
Ba[g],BARIUM (GAS),128
Ba3(AsO4)2,BARIUM ARSENATE,129
BaBr2,BARIUM BROMIDE,130
BaBr2[g],BARIUM BROMIDE (GAS),131
BaC2,BARIUM DICARBIDE,132
BaCO3,BARIUM CARBONATE,133
BaCl[g],BARIUM MONOCHLORIDE (GAS),134
BaCl2,BARIUM CHLORIDE,135
BaCl2[g],BARIUM CHLORIDE (GAS),136
BaCrO4,BARIUM CHROMATE,137
BaF[g],BARIUM MONOFLUORIDE (GAS),138
BaF2,BARIUM FLUORIDE,139
BaF2[g],BARIUM FLUORIDE (GAS),140
BaH[g],BARIUM MONOHYDRIDE (GAS),141
BaH2,BARIUM HYDRIDE,142
BaI[g],BARIUM MONOIODIDE (GAS),143
BaI2,BARIUM IODIDE,144
BaI2[g],BARIUM IODIDE (GAS),145
BaMoO4,BARIUM MOLYBDATE,146
Ba3N2,TRIBARIUM DINITRIDE,146
Ba(NO3)2,BARIUM NITRATE,147
BaO,BARIUM OXIDE,148
BaO2,BARIUM PEROXIDE,149
BaAl2O4,BARIUM DIALUMINIUM TETRAOXIDE,149
Ba3Al2O6,TRIBARIUM DIALUMINIUM HEXAOXIDE,150
Ba(OH)2,BARIUM HYDROXIDE,151
Ba(OH)2[g],BARIUM HYDROXIDE (GAS),152
BaHfO3,BARIUM HAFNIUM TRIOXIDE,152
BaSiO3,BARIUM METASILICATE,153
BaSi2O5,BARIUM DISILICATE,154
Ba2SiO4,BARIUM ORTHOSILICATE,155
Ba2Si3O8,DIBARIUM TRISILICATE,156
BaTiO3,BARIUM TITANIUM TRIOXIDE,157
Ba2TiO4,DIBARIUM TITANIUM TETRAOXIDE,158
BaUO4,BARIUM URANATE,158
BaZrO3,BARIUM ZIRCONIUM TRIOXIDE,159
BaS,BARIUM SULFIDE,160
BaSO4,BARIUM SULFATE,161
Ba2Sn,2-BARIUM TIN,161
BaTe,BARIUM TELLURIDE,162
BaWO4,BARIUM TUNGSTATE,162
Be,BERYLLIUM,163
Be[g],BERYLLIUM (GAS),164
Be3(AsO4)2,BERYLLIUM ARSENATE,165
BeBr[g],BERYLLIUM MONOBROMIDE (GAS),165
BeBr2,BERYLLIUM BROMIDE,166
BeBr2[g],BERYLLIUM BROMIDE (GAS),166
Be2C,DIBERYLLIUM CARBIDE,167
BeCl[g],BERYLLIUM MONOCHLORIDE (GAS),168
BeCl2,BERYLLIUM CHLORIDE,169
BeCl2[g],BERYLLIUM CHLORIDE (GAS),170
Be2Cl4[g],DIBERYLLIUM TETRACHLORIDE (GAS),171
BeF[g],BERYLLIUM MONOFLUORIDE (GAS),172
BeF2,BERYLLIUM FLUORIDE,173
BeF2[g],BERYLLIUM FLUORIDE (GAS),174
BeH[g],BERYLLIUM MONOHYDRIDE (GAS),175
BeI[g],BERYLLIUM MONOIODIDE (GAS),176
BeI2,BERYLLIUM IODIDE,176
BeI2[g],BERYLLIUM IODIDE (GAS),177
Be3N2,ALPHA BERYLLIUM NITRIDE,178
BeO,BERYLLIUM OXIDE,179
BeAl2O4,BERYLLIUM DIALUMINIUM TETRAOXIDE,180
BeAl6O10,BERYLLIUM HEXAALUMINIUM DECAOXIDE,181
Be3B2O6,TRIBERYLLIUM DIBORATE,182
BeOH[g],BERYLLIUM MONOHYDROXIDE (GAS),183
Be(OH)2,BERYLLIUM HYDROXIDE (ALPHA),183
Be(OH)2[B],BERYLLIUM HYDROXIDE (BETA),184
Be(OH)2[g],BERYLLIUM HYDROXIDE (GAS),184
Be2Si04,BERYLLIUM SILICATE (PHENACITE),185
BeS,BERYLLIUM SULFIDE,186
BeS[g],BERYLLIUM SULFIDE (GAS),187
BeSO4,BERYLLIUM SULFATE,188
BeSO4*2H2O,BERYLLIUM SULFATE DIHYDRATE,188
BeSO4*4H2O,BERYLLIUM SULFATE TETRAHYDRATE,189
BeWO4,BERYLLIUM TUNGSTATE,189
Bi,BISMUTH,190
Bi[g],BISMUTH (GAS),191
Bi2[g],BISMUTH (GAS),192
BiAsO4,BISMUTH ARSENATE,192
BiBr[g],BISMUTH MONOBROMIDE (GAS),193
BiBr3,BISMUTH BROMIDE,194
BiBr3[g],BISMUTH BROMIDE (GAS),194
BiCl[g],BISMUTH MONOCHLORIDE (GAS),195
BiCl3,BISMUTH CHLORIDE,195
BiCl3[g],BISMUTH CHLORIDE (GAS),196
BiF[g],BISMUTH MONOFLUORIDE (GAS),196
BiF3,BISMUTH FLUORIDE,197
BiF3[g],BISMUTH FLUORIDE (GAS),197
BiI,BISMUTH MONOIODIDE,198
BiI[g],BISMUTH MONOIODIDE (GAS),198
BiI3,BISMUTH IODIDE,199
BiI3[g],BISMUTH IODIDE (GAS),199
BiK3,BISMUTH 3-POTASSIUM,200
BiMn,BISMUTH MANGANESE,200
BiNi,BISMUTH NICKEL,201
Bi2O3,BISMUTH OXIDE,202
BiOCl,BISMUTH CHLORIDE OXIDE,202
Bi2S3,BISMUTH SULFIDE,203
Bi2(SO4)3,BISMUTH SULFATE,203
Bi2Se3,BISMUTH SELENIDE,204
Bi2Te3,BISMUTH TELLURIDE,204
BiU,BISMUTH URANIUM,205
Bi2U,2-BISMUTH URANIUM,205
Bi4U3,4-BISMUTH 3-URANIUM,206
Br[g],BROMINE (GAS),207
Br2,BROMINE,207
Br2[g],BROMINE (GAS),208
C,CARBON (GRAPHITE),209
C[g],CARBON (GAS),210
C2[g],CARBON (GAS),212
C3[g],CARBON (GAS),213
CBr[g],BROMOMETHYLIDYNE (GAS),214
CBr2[g],CARBON DIBROMIDE (GAS),215
CBr3[g],CARBON TRIBROMIDE (GAS),216
CBr4[g],TETRABROMOMETHANE (GAS),217
CBrI3[g],BROMOTRIIODOMETHANE (GAS),218
CBr2I2[g],DIBROMODIIODOMETHANE (GAS),219
CBr3I[g],TRIBROMOIODOMETHANE (GAS),220
CCN[g],CARBON CARBIDE-NITRIDE (GAS),221
CCl[g],CHLOROMETHYLIDYNE (GAS),222
CCl2[g],DICHLOROMETHYLENE (GAS),223
CCl3[g],TRICHLOROMETHYL (GAS),224
CCl4,TETRACHLOROMETHANE,224
CCl4[g],TETRACHLOROMETHANE (GAS),225
C2Cl[g],DICARBON CHLORIDE (GAS),226
C2Cl2[g],DICHLOROACETYLENE (GAS),227
C2Cl3[g],DICARBON TRICHLORIDE (GAS),228
C2Cl4[g],TETRACHLOROETHENE (GAS),229
C2Cl5[g],PENTACHLOROETHYL (GAS),230
C2Cl6[g],HEXACHLOROETHANE (GAS),231
CClBr3[g],CHLOROTRIBROMOMETHANE (GAS),232
CCl2Br2[g],DICHLORODIBROMOMETHANE (GAS),233
CCl3Br[g],TRICHLOROBROMOMETHANE (GAS),234
CClBrI2[g],CHLOROBROMODIIODOMETHANE (GAS),235
CClBr2I[g],CHLORODIBROMOIODOMETHANE (GAS),236
CCl2BrI[g],DICHLOROBROMOIODOMETHANE (GAS),237
CClI3[g],CHLOROTRIIODOMETHANE (GAS),238
CCl2I2[g],DICHLORODIIODOMETHANE (GAS),239
CCl3I[g],TRICHLOROIODOMETHANE (GAS),240
CF[g],FLUOROMETHYLIDYNE (GAS),241
CF2[g],DIFLUOROMETHYLENE (GAS),242
CF3[g],TRIFLUOROMETHYL (GAS),243
CF4[g],TETRAFLUOROMETHANE (GAS),244
C2F[g],DICARBON FLUORIDE (GAS),245
C2F2[g],DIFLUOROACETYLENE (GAS),246
C2F3[g],DICARBON TRIFLUORIDE (GAS),247
C2F4[g],TETRAFLUOROETHENE (GAS),248
C2F5[g],PENTAFLUOROETHYL (GAS),249
C2F6[g],HEXAFLUOROETHANE (GAS),250
CFBr3[g],FLUOROTRIBROMOMETHANE (GAS),251
CF2Br2[g],DIFLUORODIBROMOMETHANE (GAS),252
CF3Br[g],TRIFLUOROBROMOMETHANE (GAS),253
CFBrI2[g],FLUOROBROMODIIODOMETHANE (GAS),254
CFBr2I[g],FLUORODIBROMOIODOMETHANE (GAS),255
CF2BrI[g],DIFLUOROBROMOIODOMETHANE (GAS),256
CFCl[g],FLUOROCHLOROMETHYLENE (GAS),257
CFCl2[g],FLUORODICHLOROMETHYL (GAS),258
CFCl3[g],FLUOROTRICHLOROMETHANE (GAS),259
CF2Cl[g],DIFLUOROCHLOROMETHYL (GAS),260
CF2Cl2[g],DIFLUORODICHLOROMETHANE (GAS),261
CF3Cl[g],TRIFLUOROCHLOROMETHANE (GAS),262
C2FCl[g],FLUOROCHLOROACETYLENE (GAS),263
C2FCl3[g],FLUOROTRICHLOROETHYLENE (GAS),264
C2F2Cl2[g],DIFLUORODICHLOROETHYLENE (GAS),265
"C2F2Cl2[1,1][g]"," 1,1-DIFLUORODICHLOROETHYLENE (GAS)",266
C2F2Cl2[cis][g],CIS-DIFLUORODICHLOROETHYLENE (GAS),267
C2F2Cl2[trans][g],TRANS-DIFLUORODICHLOROETHYLENE (GAS),268
C2F3Cl[g],TRIFLUOROCHLOROETHYLENE (GAS),269
CFClBr2[g],FLUOROCHLORODIBROMOMETHANE (GAS),270
CFCl2Br[g],FLUORODICHLOROBROMOMETHANE (GAS),271
CF2ClBr[g],DIFLUOROCHLOROBROMOMETHANE (GAS),272
CFCIBrI[g],FLUOROCHLOROBROMOIODOMETHANE (GAS),273
CFClI2[g],FLUOROCHLORODIIODOMETHANE (GAS),274
CFCl2I[g],FLUORODICHLOROIODOMETHANE (GAS),275
CF2ClI[g],DIFLUOROCHLOROIODOMETHANE (GAS),276
CFI3[g],FLUOROTRIIODOMETHANE (GAS),277
CF2I2[g],DIFLUORODIIODOMETHANE (GAS),278
CF3I[g],TRIFLUOROIODOMETHANE (GAS),279
CH[g],METHYLIDYNE (GAS),280
CH2[g],METHYLENE (GAS),281
CH3[g],METHYL (GAS),282
CH4[g],METHANE (GAS),283
C2H[g],DICARBON HYDRIDE (GAS),284
C2H2[g],ACETYLENE (GAS),285
C2H3[g],DICARBON TRIHYDRIDE (GAS),286
C2H4[g],ETHENE (GAS),287
C2H5[g],ETHYL (GAS),288
C2H6[g],ETHANE (GAS),289
C3H4[g],PROPADIENE (GAS),290
C3H4[PY][g],PROPYNE (GAS),290
C3H6[g],CYCLOPROPANE (GAS),291
C3H6[P][g],PROPENE (GAS),291
C3H8[g],PROPANE (GAS),292
C4H6[g],BUT-1-YNE (GAS),292
C4H8[g],CYCLOBUTANE (GAS),293
C4H8[I][g],2-METHYLPROP-1-ENE (GAS),293
C4H10[g],BUTANE (GAS),294
C5H8[g],CYCLOPENTENE (GAS),294
C5H8[P][g],"PENTA-1,2-DIENE (GAS)",295
C5H10[g],CYCLOPENTANE (GAS),295
C5H12[g],PENTANE (GAS),296
C6H6,BENZENE,296
C6H6[g],BENZENE (GAS),297
C6H10,CYCLOHEXENE,297
C6H10[g] ,CYCLOHEXENE (GAS),298
C6H12,CYCLOHEXANE,298
C6H12[g],CYCLOHEXANE (GAS),299
C6H12[M],METHYLCYCLOPENTANE,299
C6H12[M][g],METHYLCYCLOPENTANE (GAS),300
C6H14,HEXANE,300
C6H14[g],HEXANE (GAS),301
C7H8,TOLUENE (METHYLBENZENE),301
C7H8[g],TOLUENE (METHYLBENZENE) (GAS),302
C7H14,CYCLOHEPTANE,302
C7H14[g],CYCLOHEPTANE (GAS),303
C7H14[M],METHYLCYCLOHEXANE,303
C7H14[M][g],METHYLCYCLOHEXANE (GAS),304
C7H16,HEPTANE,304
C7H16[g],HEPTANE (GAS),305
C8H10,"O-XYLENE (1,2-DIMETHYLBENZENE)",305
C8H10[E],ETHYLBENZENE,306
C8H10[g],"O-XYLENE (1,2-DIMETHYLBENZENE) (GAS)",306
C8H10[E][g],ETHYLBENZENE (GAS),307
C8H14[g],OCT-1-YNE (GAS),307
C8H16,ETHYLCYCLOHEXANE,308
C8H16[g],ETHYLCYCLOHEXANE (GAS),308
C8H18,OCTANE,309
C8H18[g],OCTANE (GAS),309
C9H16[g],NON-1-YNE (GAS),310
C9H2O,NONANE,310
C9H2O[g],NONANE (GAS),311
C10H22,DECANE,311
C10H22[g],DECANE (GAS),312
CHBr3[g],TRIBROMOMETHANE (GAS),313
CH2Br2[g],DIBROMOMETHANE (GAS),314
CH3Br[g],BROMOMETHANE (GAS),315
CHBrI2[g],BROMODIIODOMETHANE (GAS),316
CHBr2I[g],DIBROMOIODOMETHANE (GAS),317
CH2BrI[g],BROMOIODOMETHANE (GAS),318
CHCl[g],CHLOROMETHYLENE (GAS),319
CHCl2[g],DICHLOROMETHYL (GAS),320
CHCl3[g],TRICHLOROMETHANE (GAS),321
CH2Cl[g],CHLOROMETHYL (GAS),322
CH2Cl2[g],DICHLOROMETHANE (GAS),323
CH3Cl[g],CHLOROMETHANE (GAS),323
C2HCl[g],CHLOROACETYLENE (GAS),324
C2HCl3[g],TRICHLOROETHYLENE (GAS),325
C2H2Cl2[g],DICHLOROETHYLENE (GAS),326
"C2H2Cl2[1,1][g]"," 1,1-DICHLOROETHYLENE (GAS)",327
C2H2Cl2I[cis][g],CIS-DICHLOROETHYLENE (GAS),328
C2H2Cl2[trans][g],TRANS-DICHLROROETHYLENE (GAS),329
C2H3Cl[g],CHLOROETHENE (GAS),330
C2H5Cl[g],CHLOROETHANE (GAS),330
CHClBr2[g],CHLORODIBROMOMETHANE (GAS),331
CHCl2Br[g],DICHLOROBROMOMETHANE (GAS),332
CH2ClBr[g],CHLOROBROMOMETHANE (GAS),333
CHClBrI[g],CHLOROBROMOIODOMETHANE (GAS),334
CHClI2[g], CHLORODIIODOMETHANE (GAS),335
CHCl2I[g],DICHLOROIODOMETHANE (GAS),336
CH2ClI[g],CHLOROIODOMETHANE (GAS),337
C12H4Cl4O2[g],"2, 3, 7, 8-TETRACHLORODIBENZEDIOXIN",338
C12H4Cl4O2[g],"2, 3, 7, 8-TETRACHLORODIBENZEDIOXIN (GAS)",339
CHF[g],FLUOROMETHYLENE (GAS),340
CHF2[g],DIFLUOROMETHYL (GAS),341
CHF3[g],TRIFLUOROMETHANE (GAS),342
CH2F[g],FLUOROMETHYL (GAS),343
CH2F2[g],DIFLUOROMETHANE (GAS),344
CH3F[g],FLUOROMETHANE (GAS),345
C2HF[g],FLUOROACETYLENE (GAS),346
C2HF3[g],TRIFLUOROETHYLENE (GAS),347
C2H2F2[g],DIFLUOROETHYLENE (GAS),348
"C2H2F2[1,1][g]","1,1-DIFLUOROETHYLENE (GAS)",349
C2H2F2[cis][g],CIS-DIFLUOROETHYLENE (GAS),350
C2H2F2[trans][g],TRANS-DIFLUOROETHYLENE (GAS),351
C2H3F[g],FLUOROETHYLENE (GAS),352
CHFBr2[g],FLUORODIBROMOMETHANE (GAS),353
CHF2Br[g],DIFLUOROBROMOMETHANE (GAS),354
CH2FBr[g],FLUOROBROMOMETHANE (GAS),355
CHFBrI[g],FLUOROBROMOIODOMETHANE (GAS),356
CHFCl[g],FLUOROCHLOROMETHYL (GAS),357
CHFCl2[g],FLUORODICHLOROMETHANE (GAS),358
CHF2Cl[g],DIFLUOROCHLOROMETHANE (GAS),359
CH2FCl[g],FLUOROCHLOROMETHANE (GAS),360
C2HFCl2[g],FLUORODICHLOROETHYLENE (GAS),361
"C2HFCl2[1,1][g]","1,1-FLUORODICHLOROETHYLENE (GAS)",362
C2HFCl2[cis][g],CIS-FLUORODICHLOROETHYLENE (GAS),363
C2HFCl2[trans][g],TRANS-FLUORODICHLOROETHYLENE (GAS),364
C2HF2Cl[g],DIFLUOROCHLOROETHYLENE (GAS),365
"C2HF2Cl[1,1][g]","1,1-DIFLUOROCHLOROETHYLENE (GAS)",366
C2HF2Cl[cis][g],CIS-DIFLUOROCHLOROETHYLENE (GAS),367
C2HF2Cl[trans][g],TRANS-DIFLUOROCHLOROETHYLENE (GAS),368
C2H2FCl[g],FLUOROCHLOROETHYLENE (GAS),369
"C2H2FCl[1,1][g]","1,1-FLUOROCHLOROETHYLENE (GAS)",370
C2H2FCl[cis][g],CIS-FLUOROCHLOROETHYLENE (GAS),371
C2H2FCl[trans][g],TRANS-FLUOROCHLOROETHYLENE (GAS),372
CHFCIBr[g],FLUOROCHLOROBROMOMETHANE (GAS),373
CHFClI[g],FLUOROCHLOROIODOMETHANE (GAS),374
CHFI2[g],FLUORODIIODOMETHANE (GAS),375
CHF2I[g],DIFLUOROIODOMETHANE (GAS),376
CH2FI[g],FLUOROIODOMETHANE (GAS),377
CHI3[g],TRIIODOMETHANE (GAS),378
CH2I2[g],DIIODOMETHANE (GAS),379
CH3I[g],IODOMETHANE (GAS),380
CHO[g],OXOMETHYL (GAS),381
CH2O[g],FORMALDEHYDE (GAS),382
CH2O2,FORMIC ACID,382
CH2O2[g],FORMIC ACID (GAS),383
CH3O[g],CARBON OXIDE-TRIHYDRIDE (GAS),384
CH4O,METHANOL,385
CH4O[g],METHANOL (GAS),386
C2H2O[g],ETHENONE (KETENE) (GAS),386
C2H4O[g],ACETALDEHYDE (GAS),387
C2H4O2,ACETIC ACID,387
C2H4O2[g],ACETIC ACID (GAS),388
C2H6O,ETHANOL,388
C2H6O[g],ETHANOL (GAS),389
C3H6O,ACETONE,389
C3H6O[g],ACETONE (GAS),390
C6H6O,PHENOL,390
C6H6O[g],PHENOL (GAS),391
CH2OH[g],CARBON DIHYDRIDE-HYDROXIDE (GAS),392
CH2S3,CARBONOTRITHIONIC ACID,393
CI[g],CARBON IODIDE (GAS),394
CI2[g],CARBON DIIODIDE (GAS),395
CI3[g],CARBON TRIIODIDE (GAS),396
CI4[g],CARBON TETRAIODIDE (GAS),397
CN[g],CYANOGEN (GAS),398
CN2[g],CARBON NITRIDE (NCN RADICAL) (GAS),399
C2N2[g],ETHANEDINITRILE (GAS),400
CNC[g],NITROGEN DICARBIDE (GAS),401
CNN[g],NITROGEN CARBIDE-NITRIDE (GAS),402
CO[g],CARBON MONOXIDE (GAS),403
CO2[g],CARBON DIOXIDE (GAS),404
C2O[g],DICARBON OXIDE (GAS),405
C3O2[g],TRICARBON DIOXIDE (GAS),406
COCl[g],CARBONYL CHLORIDE (GAS),407
COCl2[g],CARBONIC DICHLORIDE (PHOSGEN),408
COF[g],CARBONYL FLUORIDE (GAS),409
COF2[g],CARBONIC DIFLUORIDE (GAS),410
COOH[g],CARBOXYL (GAS),411
COS[g],CARBON OXIDE SULFIDE (GAS),412
CP[g],CARBON PHOSPHIDE (GAS),413
CS[g],CARBON MONOSULFIDE (GAS),414
CS2[g],CARBON DISULFIDE (GAS),415
Ca,CALCIUM,416
Ca[g],CALCIUM (GAS),417
Ca3(AsO4)2,CALCIUM ARSENATE,418
CaBr[g],CALCIUM MONOBROMIDE (GAS),419
CaBr2,CALCIUM BROMIDE,420
CaBr2[g],CALCIUM BROMIDE (GAS),421
CaC2,CALCIUM DICARBIDE,422
CaCN2,CALCIUM CYANAMIDE,423
CaCO3,CALCIUM CARBONATE (CALCITE),423
CaCO3[A],CALCIUM CARBONATE (ARAGONITE),424
CaMg(CO3)2,DOLOMITE,424
CaCl[g],CALCIUM MONOCHLORIDE (GAS),425
CaCl2,CALCIUM CHLORIDE,426
CaCl2[g],CALCIUM CHLORIDE (GAS),427
CaF[g],CALCIUM MONOFLUORIDE (GAS),428
CaF2,CALCIUM FLUORIDE,429
CaF2[g],CALCIUM FLUORIDE (GAS),430
CaH[g],CALCIUM MONOHYDRIDE (GAS),431
CaH2,CALCIUM HYDRIDE,432
CaHPO4,CALCIUM HYDROGEN PHOSPHATE,433
CaHPO4*2H2O,CALCIUM HYDROGEN PHOS. DIHYDRATE,433
CaI[g],CALCIUM MONOIODIDE (GAS),434
CaI2,CALCIUM IODIDE,435
CaI2[g],CALCIUM IODIDE (GAS),436
CaMg2,CALCIUM 2-MAGNESIUM,436
CaMoO4,CALCIUM MOLYBDATE,437
Ca3N2,TRICALCIUM DINITRIDE,437
Ca(NO3)2,CALCIUM NITRATE,438
Ca(NO3)2*2H2O,CALCIUM NITRATE DIHYDRATE,438
Ca(NO3)2*3H2O,CALCIUM NITRATE TRIHYDRATE,439
Ca(NO3)2*4H2O,CALCIUM NITRATE TETRAHYDRATE,439
CaO,CALCIUM OXIDE,440
CaO[g],CALCIUM OXIDE (GAS),441
CaO2,CALCIUM PEROXIDE,442
CaAl2O4,CALCIUM 2-ALUMINIUM 4-OXIDE,442
CaAl4O7,CALCIUM 4-ALUMINIUM 7-OXIDE,443
Ca2Al2O5,2-CALCIUM 2-ALUMINIUM 5-OXIDE,444
Ca3Al2O6,3-CALCIUM 2-ALUMINIUM 6-OXIDE,445
Ca12Al14O33,12-CALCIUM 14-ALUMINIUM 33-OXIDE,445
Ca3Al2O6*6H2O,3-CALCIUM 2-ALUMIN. 6-OXIDE 6-HYDRATE,446
CaAl2SiO6,PYROXENE,446
CaAl2Si2O8,ANORTHITE,447
Ca2Al2SiO7,GEHLENITE,448
Ca8Al2SiO12,GROSSULAR,448
CaAl2Si2O8*2H2O,LAWSONITE,449
CaB2O4,CALCIUM DIBORATE,449
CaB4O7,CALCIUM TETRABORATE,450
Ca2B2O5,DICALCIUM DIBORATE,451
Ca3B2O6,TRICALCIUM DIBORATE,452
Ca(OCl)Cl,CALCIUM CHLORIDE HYPOCHLORITE,452
CaFe2O4,CALCIUM DIIRON TETRAOXIDE,453
Ca2Fe2O5,DICALCIUM DIIRON PENTAOXIDE,453
CaOH[g],CALCIUM MONOHYDROXIDE (GAS),454
Ca(OH)2,CALCIUM HYDROXIDE,455
CaHfO3,CALCIUM HAFNIUM TRIOXIDE,455
CaMgO2,CALCIUM MAGNESIUM DIOXIDE,456
CaMgSiO4,MONTICELLITE,457
CaMgSi2O6,DIOPSIDE,458
Ca2MgSi2O7,AKERMANITE,459
Ca3MgSi2O8,MERWINITE,460
Ca2Mg5Si8O23*H2O,TREMOLITE,460
CaSiO3,WOLLASTONITE,461
CaSiO3[B],PSEUDOWOLLASTONITE,462
Ca2SiO4,OLIVINE,463
Ca2SiO4[B],LARNITE,464
Ca3SiO5,TRICALCIUM SILICATE,464
Ca3Si2O7,TRICALCIUM DISILICATE (RANKINITE),465
CaSi2O5*2H2O,CALCIUM 2-SILICATE 2-HYDRATE,465
Ca2Si3O8*2.5H2O,2-CALCIUM 3-SILICATE 5/2-HYDRATE,466
Ca2SiO4*7/6H2O,CALCIUM ORTHOSILICATE 7/6-HYDRATE,466
Ca3Si2O7*3H2O,TRICALCIUM DISILICATE TRIHYDRATE,467
Ca4Si3O10*1.5H2O,4-CALCIUM 3-SILICATE 3/2-HYDRATE,467
Ca5Si6O17*3H2O,5-CALCIUM 6-SILICATE 3-HYDRATE,468
Ca5Si6O17*5.5H2O,5-CALCIUM 6-SILICATE 5.5-HYDRATE,468
Ca5Si6O17*10.5w,5-CALCIUM 6-SILICATE 10.5-HYDRATE,469
Ca6Si6O18*H2O,6-CALCIUM 6-SILICATE HYDRATE,469
CaTiO3,CALCIUM TITAN. TRIOXIDE (PEROVSKITE),470
Ca3Ti2O7,3-CALCIUM 2-TITANIUM 7-OXIDE,471
Ca4Ti3O10,4-CALCIUM 3-TITANIUM 10-OXIDE,472
CaTiSiO5,SPHENE,473
CaUO4,CALCIUM URANATE,474
CaZrO3,CALCIUM ZIRCONIUM TRIOXIDE,475
Ca3P2,TRICALCIUM DIPHOSPHIDE,476
Ca2P2O7,CALCIUM PYROPHOSPHATE,477
Ca3(PO4)2,CALCIUM PHOSPHATE,478
CaPb,CALCIUM LEAD,479
Ca2Pb,2-CALCIUM LEAD,479
CaS,CALCIUM SULFIDE,480
CaS[g],CALCIUM SULFIDE (GAS),481
CaSO3,CALCIUM SULFITE,482
CaSO4,CALCIUM SULFATE,483
CaSO3*0.5H2O,CALCIUM SULFITE HEMIHYDRATE,484
CaSO4*0.5H2O,CALCIUM SULFATE HEMIHYDRATE,484
Ca3Sb2,3-CALCIUM 2-ANTIMONY,485
CaSO4*2H2O,CALCIUM SULFATE DIHYDRATE (GYPSUM),485
CaSe,CALCIUM SELENIDE,486
CaSi,CALCIUM SILICON,486
CaSi2,CALCIUM 2-SILICON,487
Ca2Si,2-CALCIUM SILICON,487
CaSn,CALCIUM TIN,488
Ca2Sn,2-CALCIUM TIN,488
CaTe,CALCIUM TELLURIDE,489
Ca(VO3)2,CALCIUM METAVANADATE,489
Ca2V2O7,CALCIUM PYROVANADATE,490
Ca3(VO4)2,CALCIUM ORTHOVANADATE,490
CaWO4,CALCIUM TUNGSTATE,491
Ca3WO6,CALCIUM ORTHOTUNGSTATE,491
CaZn,CALCIUM ZINC,492
CaZn2,CALCIUM 2-ZINC,492
Cd,CADMIUM,493
Cd[g],CADMIUM (GAS),493
Cd3As2,CADMIUM ARSENIDE,494
Cd3(AsO4)2,CADMIUM ARSENATE,494
CdBr2,CADMIUM BROMIDE,495
CdCO3,CADMIUM CARBONATE,495
CdCl2,CADMIUM CHLORIDE,496
CdF2,CADMIUM FLUORIDE,497
CdI2,CADMIUM IODIDE,498
CdO,CADMIUM OXIDE,498
CdO[g],CADMIUM OXIDE(GAS),499
CdAl2O4,CADMIUM DIALUMINIUM TETRAOXIDE,499
CdGa2O4,CADMIUM DIGALLIUM TETRAOXIDE,500
Cd(OH)2,CADMIUM HYDROXIDE,500
CdSiO3,CADMIUM METASILICATE,501
CdTiO3,CADMIUM TITANIUM TRIOXIDE,501
CdS,CADMIUM SULFIDE,502
CdS[g],CADMIUM SULFIDE (GAS),502
CdSO4,CADMIUM SULFATE,503
CdSb,CADMIUM ANTIMONY,504
CdSe,CADMIUM SELENIDE,504
CdSeO3,CADMIUM SELENITE,505
CdTe,CADMIUM TELLURIDE,505
Cd11U,11-CADMIUM URANIUM,506
CdWO4,CADMIUM TUNGSTATE,506
Ce,CERIUM,507
Ce[g],CERIUM (GAS),508
CeB6,CERIUM HEXABORIDE,509
CeBr3,CERIUM BROMIDE,510
CeBr3[g],CERIUM BROMIDE (GAS),511
CeC2,CERIUM DICARBIDE,511
Ce2C3,DICERIUM TRICARBIDE,512
CeCl3,CERIUM CHLORIDE,512
CeCl3[g],CERIUM CHLORIDE (GAS),513
CeF3,CERIUM FLUORIDE,514
CeF3[g],CERIUM FLUORIDE (GAS),515
CeH2,CERIUM DIHYDRIDE,515
CeI3,CERIUM IODIDE,516
CeI3[g],CERIUM IODIDE (GAS),517
CeMg,CERIUM MAGNESIUM,517
CeN,CERIUM NITRIDE,518
CeO2,CERIUM DIOXIDE,519
Ce2O3,CERIUM OXIDE,519
CeAlO3,CERIUM ALUMINIUM TRIOXIDE,520
CeCrO3,CERIUM CHROMIUM TRIOXIDE,520
CeS,CERIUM MONOSULFIDE,521
Ce2S3,CERIUM SULFIDE,522
Ce3S4,TRICERIUM TETRASULFIDE,522
Ce2(SO4)3,CERIUM SULFATE,523
CeTe[g],CERIUM MONOTELLURIDE (GAS),523
Cl[g],CHLORINE (GAS),524
Cl2[g],CHLORINE (GAS),525
ClCN[g],CARBON NITRIDE CHLORIDE (GAS),526
ClF[g],CHLORINE MONOFLUORIDE (GAS),527
ClF3[g],CHLORINE TRIFLUORIDE (GAS),528
ClO[g],CHLORINE MONOXIDE (GAS),529
Cl2O[g],DICHLORINE MONOXIDE (GAS),530
Co,COBALT,531
Co[g],COBALT (GAS),532
Co3(AsO4)2,COBALT ARSENATE,533
CoB,COBALT MONOBORIDE,533
Co2B,DICOBALT BORIDE,534
CoBr2,COBALT DIBROMIDE,534
CoCO3,COBALT CARBONATE,535
CoCl[g],COBALT MONOCHLORIDE (GAS),535
CoCl2,COBALT DICHLORIDE,536
CoCl2[g],COBALT DICHLORIDE (GAS),537
CoCl3[g],COBALT TRICHLORIDE (GAS),538
Co2Cl4[g],DICOBALT TETRACHLORIDE (GAS),539
CoF2,COBALT DIFLUORIDE,540
CoF2[g],COBALT DIFLUORIDE (GAS),541
CoF3,COBALT TRIFLUORIDE,541
CoI2,COBALT DIIODIDE,542
Co3N,TRICOBALT NITRIDE,542
CoO,COBALT MONOXIDE,543
Co3O4,TRICOBALT TETRAOXIDE,544
CoCr2O4,COBALT DICHROMIUM TETRAOXIDE,544
CoFe2O4,COBALT DIIRON TETRAOXIDE,545
Co(OH)2,COBALT HYDROXIDE (PRECIPITATED),545
Co2SiO4,DICOBALT SILICATE,546
CoTiO3,COBALT TITANIUM TRIOXIDE,547
Co2TiO4,DICOBALT TITANIUM TETRAOXIDE,548
CoP,COBALT MONOPHOSPHIDE,548
CoP3,COBALT TRIPHOSPHIDE,549
Co2P,DICOBALT PHOSPHIDE,549
CoS0.89,COBALT 0.89-SULFIDE,550
CoS2,COBALT DISULFIDE,550
Co3S4,TRICOBALT TETRASULFIDE,551
CoSO4,COBALT SULFATE,551
CoSb0.98,COBALT 0.98-ANTIMONY,552
CoSb2,COBALT 2-ANTIMONY,552
CoSb3,COBALT 3-ANTIMONY,553
CoSeO3,COBALT SELENITE,553
CoSn,COBALT TIN,554
CoWO4,COBALT TUNGSTATE,554
Cr,CHROMIUM,555
Cr[g],CHROMIUM (GAS),556
Cr3(AsO4)2,TRICHROMIUM ARSENATE,557
CrAsO4,CHROMIUM ARSENATE,557
CrB,CHROMIUM MONOBORIDE,558
CrB2,CHROMIUM DIBORIDE,558
CrBr2,CHROMIUM DIBROMIDE,559
CrBr3,CHROMIUM TRIBROMIDE,559
CrBr4[g],CHROMIUM TETRABROMIDE (GAS),560
Cr3C2,3-CHROMIUM 2-CARBIDE,560
Cr7C3,7-CHROMIUM 3-CARBIDE,561
Cr23C6,23-CHROMIUM 6-CARBIDE,562
Cr(CO)6,CHROMIUM HEXACARBONYL,562
CrCl2,CHROMIUM DICHLORIDE,563
CrCl3,CHROMIUM TRICHLORIDE,563
CrCl4[g],CHROMIUM TETRACHLORIDE (GAS),564
CrF2,CHROMIUM DIFLUORIDE,564
CrF3,CHROMIUM TRIFLUORIDE,565
CrF4,CHROMIUM TETRAFLUORIDE,565
CrI2,CHROMIUM DIIODIDE,566
CrI3,CHROMIUM TRIIODIDE,566
CrN,CHROMIUM NITRIDE,567
Cr2N,DICHROMIUM NITRIDE,567
Cr2Nb,2-CHROMIUM NIOBIUM,568
CrO[g],CHROMIUM MONOXIDE (GAS),569
CrO2,CHROMIUM DIOXIDE,570
CrO2[g],CHROMIUM DIOXIDE (GAS),570
CrO3,CHROMIUM TRIOXIDE,571
CrO3[g],CHROMIUM TRIOXIDE (GAS),572
Cr2O3,DICHROMIUM TRIOXIDE,573
CrO2Cl2[g],CHROMIUM DICHLORIDE DIOXIDE (GAS),574
Cr2FeO4,DICHROMIUM IRON TETRAOXIDE,575
Cr2MgO4,DICHROMIUM MAGNESIUM TETRAOXIDE,576
Cr2NiO4,DICHROMIUM NICKEL TETRAOXIDE,577
CrNaO2,CHROMIUM SODIUM DIOXIDE,577
CrS,CHROMIUM MONOSULFIDE,578
CrS1.17,CHROMIUM 1.17-SULFIDE,579
Cr2(SO4)3,CHROMIUM SULFATE,579
CrSi,CHROMIUM SILICON,580
CrSi2,CHROMIUM 2-SILICON,580
Cr3Si,3-CHROMIUM SILICON,581
Cr5Si3,5-CHROMIUM 3-SILICON,582
Cr2Ta,2-CHROMIUM TANTALUM,583
Cs,CESIUM,583
Cs[g],CESIUM (GAS),584
Cs2[g],CESIUM (GAS),585
Cs3AsO4,CESIUM ARSENATE,585
CsBr,CESIUM BROMIDE,586
CsBr[g],CESIUM BROMIDE (GAS),587
Cs2CO3,CESIUM CARBONATE,587
CsCl,CESIUM CHLORIDE,588
CsCl[g],CESIUM CHLORIDE (GAS),589
Cs2Cl2[g],DICESIUM DICHLORIDE (GAS),590
CsF,CESIUM FLUORIDE,591
CsF[g],CESIUM FLUORIDE (GAS),592
Cs2F2[g],DICESIUM DIFLUORIDE (GAS),593
CsI,CESIUM IODIDE,594
CsI[g],CESIUM IODIDE (GAS),595
CsO[g],CESIUM MONOXIDE (GAS),596
CsO2,CESIUM DIOXIDE,596
Cs2O,CESIUM OXIDE,597
Cs2O[g],CESIUM OXIDE (GAS),597
Cs2O3,DICESIUM TRIOXIDE,598
CsOH,CESIUM HYDROXIDE,598
CsOH[g],CESIUM HYDROXIDE (GAS),599
Cs2(OH)2[g],DICESIUM DIHYDROXIDE (GAS),600
Cs2SO4,CESIUM SULFATE,601
Cu,COPPER,602
Cu[g],COPPER (GAS),603
Cu3As,TRICOPPER ARSENIDE,604
Cu3AsO4,TRICOPPER ARSENATE,604
Cu3(AsO4)2,TRICOPPER DIARSENATE,605
CuBr,COPPER MONOBROMIDE,606
CuBr[g],COPPER MONOBROMIDE (GAS),607
CuBr2,COPPER DIBROMIDE,607
Cu3Br3[g],TRICOPPER TRIBROMIDE (GAS),608
CuCN,COPPER CYANIDE,608
CuCl,COPPER MONOCHLORIDE,609
CuCl[g],COPPER MONOCHLORIDE (GAS),610
CuCl2,COPPER DICHLORIDE,610
Cu3Cl3[g],TRICOPPER TRICHLORIDE (GAS),611
CuF,COPPER MONOFLUORIDE,611
CuF[g],COPPER MONOFLUORIDE (GAS),612
CuF2,COPPER DIFLUORIDE,613
CuF2[g],COPPER DIFLUORIDE (GAS),614
CuFeS2,COPPER IRON DISULFIDE,615
Cu5FeS4,PENTACOPPER IRON TETRASULFIDE,616
CuI,COPPER MONOIODIDE,617
CuI[g],COPPER MONOIODIDE (GAS),618
Cu3I3[g],TRICOPPER TRIIODIDE (GAS),618
CuMg2,1-COPPER 2-MAGNESIUM,619
Cu2Mg,2-COPPER 1-MAGNESIUM,619
CuMoO4,COPPER MOLYBDATE,620
CuO,COPPER MONOXIDE,620
CuO[g],COPPER MONOXIDE (GAS),621
Cu2O,DICOPPER OXIDE,622
CuFeO2,COPPER IRON DIOXIDE,623
CuFe2O4,COPPER DIIRON TETRAOXIDE,624
Cu(OH)2,COPPER HYDROXIDE,624
Cu2OSO4,DICOPPER OXIDE SULFATE,625
CuP2,COPPER DIPHOSPHIDE,625
Cu3P,TRICOPPER PHOSPHIDE,626
CuS,COPPER SULFIDE,626
CuS[g],COPPER SULFIDE (GAS),627
Cu2S,DICOPPER SULFIDE,628
CuSO4,COPPER SULFATE,629
Cu2SO4,DICOPPER SULFATE,629
CuSO4*H2O,COPPER SULFATE MONOHYDRATE,630
CuSO4*3H2O,COPPER SULFATE TRIHYDRATE,630
CuSO4*5H2O,COPPER SULFATE PENTAHYDRATE,631
Cu2Sb,2-COPPER ANTIMONY,631
CuSe,COPPER SELENIDE,632
Cu2Se[B],DICOPPER SELENIDE,632
CuSeO3,COPPER SELENITE,633
CuTe,COPPER TELLURIDE,633
Cu2Te,DICOPPER TELLURIDE,634
D[g],DEUTERIUM (GAS),635
D2[g],DEUTERIUM (GAS),636
DCl[g],HYDROGEN CHLORIDE-D1 (GAS),637
DF[g],HYDROGEN FLUORIDE-D1 (GAS),638
DH[g],HYDROGEN-D1 (GAS),639
D2O,WATER-D2,640
D2O[g],WATER-D2 (GAS),641
DS[g],HYDROGEN MONOSULFIDE-D1 (GAS),642
D2S[g],HYDROGEN SULFIDE-D2 (GAS),643
Dy,DYSPROSIUM,644
Dy[g],DYSPROSIUM (GAS),645
DyBr3[g],DYSPROSIUM BROMIDE (GAS),646
DyCl3,DYSPROSIUM CHLORIDE,646
DyCl3[g],DYSPROSIUM CHLORIDE (GAS),647
DyCl3*6H2O,DYSPROSIUM CHLORIDE HEXAHYDRATE,647
DyF3,DYSPROSIUM FLUORIDE,648
DyF3[g],DYSPROSIUM FLUORIDE (GAS),649
DyI3[g],DYSPROSIUM IODIDE (GAS),650
Dy2O3,DYSPROSIUM OXIDE,651
Er,ERBIUM,652
Er[g],ERBIUM (GAS),653
ErBr3[g],ERBIUM BROMIDE (GAS),654
ErCl3,ERBIUM CHLORIDE,655
ErCl3[g],ERBIUM CHLORIDE (GAS),656
ErCl3*6H2O,ERBIUM CHLORIDE HEXAHYDRATE,656
ErF3,ERBIUM FLUORIDE,657
ErF3[g],ERBIUM FLUORIDE (GAS),658
ErI3[g],ERBIUM IODIDE (GAS),659
Er2O3,ERBIUM OXIDE (CUBIC),660
Eu,EUROPIUM,661
Eu[g],EUROPIUM (GAS),662
EuBr2,EUROPIUM DIBROMIDE,663
EuBr2[g],EUROPIUM DIBROMIDE (GAS),663
EuBr3,EUROPIUM BROMIDE,664
EuCl3,EUROPIUM CHLORIDE,664
EuCl3*6H2O,EUROPIUM CHLORIDE HEXAHYDRATE,665
EuCl3[g],EUROPIUM CHLORIDE (GAS),665
EuF3,EUROPIUM FLUORIDE,666
EuF3[g],EUROPIUM FLUORIDE (GAS),667
Eu2O3,EUROPIUM OXIDE (CUBIC),667
Eu2O3[M],EUROPIUM OXIDE (MONOCLINIC),668
EuS,EUROPIUM MONOSULFIDE,669
EuS[g],EUROPIUM MONOSULFIDE (GAS),670
F[g],FLUORINE (GAS),671
F2[g],FLUORINE (GAS),672
FCN[g],CARBON NITRIDE-FLUORIDE (GAS),673
FClCO[g],CARBON OXIDE-FLUORIDE-CHLORIDE (GAS),674
Fe,IRON,675
Fe[g],IRON (GAS),676
Fe3(AsO4)2,TRIIRON DIARSENATE,677
FeAsO4,IRON ARSENATE,677
FeB,IRON MONOBORIDE,678
Fe2B,DIIRON BORIDE,679
FeBr2,IRON DIBROMIDE,680
FeBr2[g],IRON DIBROMIDE (GAS),681
FeBr3,IRON TRIBROMIDE,681
Fe2Br4[g],DIIRON TETRABROMIDE (GAS),682
Fe3C,TRIIRON CARBIDE,683
FeCO3,IRON CARBONATE,683
Fe(CO)5,IRON PENTACARBONYL,684
Fe(CO)5[g],IRON PENTACARBONYL (GAS),684
FeCl[g],IRON MONOCHLORIDE (GAS),685
FeCl2,IRON DICHLORIDE,686
FeCl2[g],IRON DICHLORIDE (GAS),687
FeCl3,IRON TRICHLORIDE,687
FeCl3[g],IRON TRICHLORIDE (GAS),688
Fe2Cl4[g],DIIRON TETRACHLORIDE (GAS),689
Fe2Cl6[g],DIIRON HEXACHLORIDE (GAS),690
FeF2,IRON DIFLUORIDE,691
FeF2[g],IRON DIFLUORIDE (GAS),692
FeF3,IRON TRIFLUORIDE,692
FeF3[g],IRON TRIFLUORIDE (GAS),693
Fel2,IRON DIIODIDE,694
Fel2[g],IRON DIIODIDE (GAS),695
Fe2l4[g],DIIRON TETRAIODIDE (GAS),696
Fe3Mo2,3-IRON 2-MOLYBDENUM,697
FeMoO4,IRON MOLYBDATE,697
Fe4N,TETRAIRON NITRIDE,698
Fe0.947O,WUESTITE,699
FeO,IRON MONOXIDE,700
FeO[g],IRON MONOXIDE (GAS),701
Fe2O3,HEMATITE,702
Fe3O4,MAGNETITE,703
FeAl2O4,IRON DIALUMINIUM TETRAOXIDE,704
FeOCl,IRON CHLORIDE OXIDE,704
Fe(OH)2,IRON DIHYDROXIDE,705
Fe(OH)3,IRON TRIHYDROXIDE,705
Fe2O3*H2O,IRON TRIOXIDE HYDRATE (GOETHITE),706
Fe2MgO4,DIIRON MAGNESIUM TETRAOXIDE,706
Fe2MnO4,DIIRON MANGANESE TETRAOXIDE,707
FeNaO2,IRON SODIUM DIOXIDE,708
Fe2NiO4,DIIRON NICKEL TETRAOXIDE,709
FePO4,IRON PHOSPHATE,710
FePO4*2H2O,IRON PHOSPHATE DIHYDRATE (STRENGITE),711
FeSiO3,IRON METASILICATE,712
Fe2SiO4,IRON ORTHOSILICATE (FAYALITE),713
FeTiO3,IRON TITANIUM TRIOXIDE (ILMENITE),714
Fe2TiO4,DIIRON TITANIUM TETROXIDE,715
FeV2O4,IRON DIVANADIUM TETRAOXIDE,716
Fe2ZnO4,DIIRON ZINC TETRAOXIDE,716
Fe0.877S,PYRRHOTITE,717
FeS,IRON MONOSULFIDE,718
FeS[g],IRON MONOSULFIDE (GAS),719
FeS2,IRON DISULFIDE,720
FeSO4,IRON SULFATE,720
Fe2(SO4)3,DIIRON TRISULFATE,721
FeSe0.96,IRON 0.96-SELENIDE,721
FeSi,IRON SILICON,722
FeSi2,LEBOITE (BETA),722
FeSi2.33,LEBOITE (ALPHA),723
Fe2Ta,2-IRON TANTALUM,723
FeTe0.9,IRON 0.9-TELLURIDE,724
FeTe2,IRON DITELLURIDE,724
FeTi,IRON TITANIUM,725
Fe2U,2-IRON URANIUM,726
Fe(VO3)2,IRON VANADATE,726
FeWO4,IRON TUNGSTATE,727
Ga,GALLIUM,728
Ga[g],GALLIUM (GAS),729
GaAs,GALLIUM ARSENIDE,730
GaAsO4,GALLIUM ARSENATE,730
GaCl[g],GALLIUM MONOCHLORIDE (GAS),731
GaBr3,GALLIUM BROMIDE,731
GaCl2[g],GALLIUM DICHLORIDE (GAS),732
GaCl3,GALLIUM CHLORIDE,732
GaCl3[g],GALLIUM CHLORIDE (GAS),733
Ga2Cl6[g],DIGALLIUM HEXACHLORIDE (GAS),734
GaF[g],GALLIUM MONOFLUORIDE (GAS),735
GaF2[g],GALLIUM DIFLUORIDE (GAS),736
GaF3,GALLIUM FLUORIDE,737
GaF3[g],GALLIUM FLUORIDE (GAS),738
Gal3,GALLIUM IODIDE,738
GaN,GALLIUM NITRIDE,739
GaO[g],GALLIUM MONOXIDE (GAS),740
Ga2O3,GALLIUM OXIDE,742
GaP,GALLIUM PHOSPHIDE,743
GaS,GALLIUM MONOSULFIDE,743
Ga2S[g],DIGALLIUM SULFIDE (GAS),744
Ga2S3,DIGALLIUM TRISULFIDE,744
GaSb,GALLIUM ANTIMONY,745
GaSe,GALLIUM MONOSELENIDE,745
Ga2Se3,DIGALLIUM TRISELENIDE,746
Ga2(SeO4)3,GALLIUM SELENATE,746
GaTe,GALLIUM MONOTELLURIDE,747
Ga2Te3,DIGALLIUM TRITELLURIDE,747
Gd,GADOLINIUM,748
Gd[g],GADOLINIUM (GAS),749
GdBr3,GADOLINIUM BROMIDE,750
GdBr3[g],GADOLINIUM BROMIDE (GAS),751
GdCl3,GADOLINIUM CHLORIDE,752
GdCl3[g],GADOLINIUM CHLORIDE (GAS),753
GdF3,GADOLINIUM FLUORIDE,754
GdF3[g],GADOLINIUM FLUORIDE (GAS),755
GdI3,GADOLINIUM IODIDE,756
GdI3[g],GADOLINIUM IODIDE (GAS),757
Gd2O3,GADOLINIUM OXIDE (CUBIC),758
Gd2O3[M],GADOLINIUM OXIDE (MONOCLINIC),759
GdOCl,GADOLINIUM CHLORIDE OXIDE,759
Ge,GERMANIUM,760
Ge[g],GERMANIUM (GAS),761
GeBr4[g],GERMANIUM TETRABROMIDE (GAS),762
GeCl[g],GERMANIUM MONOCHLORIDE (GAS),762
GeCl2[g],GERMANIUM DICHLORIDE (GAS),763
GeCl3[g],GERMANIUM TRICHLORIDE (GAS),764
GeCl4[g],GERMANIUM TETRACHLORIDE (GAS),765
GeF[g],GERMANIUM MONOFLUORIDE (GAS),766
GeF2[g],GERMANIUM DIFLUORIDE (GAS),767
GeF3[g],GERMANIUM TRIFLUORIDE (GAS),768
GeF4[g],GERMANIUM TETRAFLUORIDE (GAS),769
GeH4[g],GERMANIUM TETRAHYDRIDE (GAS),770
GeI4[g],GERMANIUM TETRAIODIDE (GAS),770
GeMg2,GERMANIUM 2-MAGNESIUM,771
GeNi2,GERMANIUM 2-NICKEL,771
GeO[g],GERMANIUM MONOXIDE (GAS),772
GeO2,GERMANIUM DIOXIDE,773
GeP,GERMANIUM PHOSPHIDE,774
GeS,GERMANIUM MONOSULFIDE,774
GeS[g],GERMANIUM MONOSULFIDE (GAS),775
GeS2,GERMANIUM DISULFIDE,776
GeSe,GERMANIUM MONOSELENIDE,776
GeSe[g],GERMANIUM MONOSELENIDE (GAS),777
GeSe2,GERMANIUM DISELENIDE,777
GeTe,GERMANIUM MONOTELLURIDE,778
GeU,GERMANIUM URANIUM,778
Ge2U,2-GERMANIUM URANIUM,779
Ge3U,3-GERMANIUM URANIUM,779
Ge3U5,3-GERMANIUM 5-URANIUM,780
Ge5U3,5-GERMANIUM 3-URANIUM,780
H[g],HYDROGEN (GAS),781
H2[g],HYDROGEN (GAS),782
HBO2,METABORIC ACID,783
HBO2[g],METABORIC ACID (GAS),783
H3BO3,BORIC ACID,784
H3BO3[g],BORIC ACID (GAS),784
HBr[g],HYDROGEN BROMIDE (GAS),785
HCCN[g],DICARBON HYDRIDE-NITRIDE (GAS),786
HCN[g],HYDROGEN CYANIDE (GAS),787
HCl[g],HYDROGEN CHLORIDE (GAS),788
HClCO[g],CARBON OXIDE-HYDRIDE-CHLORIDE (GAS),789
HF[g],HYDROGEN FLUORIDE (GAS),790
HFCO[g],CARBON OXIDE-HYDRIDE-FLUORIDE (GAS),791
HI[g],HYDROGEN IODIDE (GAS),792
HNC[g],NITROGEN HYDRIDE-CARBIDE (GAS),793
HNCO[g],ISOCYANIC ACID (GAS),794
HNO3[g],NITRIC ACID (GAS),795
H2O,WATER,795
H2O[g],WATER (GAS),796
H2O2,HYDROGEN PEROXIDE,797
H2O2[g],HYDROGEN PEROXIDE (GAS),797
HDO[g],WATER-D1 (GAS),798
H3PO4,PHOSPHORIC ACID,799
HS[g],HYDROGEN MONOSULFIDE (GAS),800
H2S[g],HYDROGEN SULFIDE (GAS),801
H2S2[g],DIHYDROGEN DISULFIDE (GAS),801
H2SO4,SULFURIC ACID,802
H2SO4[g],SULFURIC ACID (GAS),802
H2Se[g],HYDROGEN SELENIDE (GAS),803
H2Te[g],HYDROGEN TELLURIDE (GAS),804
H2WO4,TUNGSTIC ACID,804
H2WO4[g],TUNGSTIC ACID (GAS),805
He[g],HELIUM (GAS),806
Hf,HAFNIUM,807
Hf[g],HAFNIUM (GAS),809
HfB2,HAFNIUM DIBORIDE,810
HfBr4,HAFNIUM TETRABROMIDE,810
HfBr4[g],HAFNIUM TETRABROMIDE (GAS),811
HfC,HAFNIUM CARBIDE,812
HfCl2[g],HAFNIUM DICHLORIDE (GAS),813
HfCl3[g],HAFNIUM TRICHLORIDE (GAS),814
HfCl4,HAFNIUM TETRACHLORIDE,814
HfCl4[g],HAFNIUM TETRACHLORIDE (GAS),815
HfF4,HAFNIUM TETRAFLUORIDE,815
HfF4[g],HAFNIUM TETRAFLUORIDE (GAS),816
HfI4,HAFNIUM TETRAIODIDE,816
HfI4[g],HAFNIUM TETRAIODIDE (GAS),817
HfN,HAFNIUM NITRIDE,817
HfO2,HAFNIUM DIOXIDE,818
HfSrO3,HAFNIUM STRONTIUM TRIOXIDE,819
Hg,MERCURY,819
Hg[g],MERCURY (GAS),820
Hg3(AsO4)2,TRIMERCURY DIARSENATE,820
HgBr[g],MERCURY MONOBROMIDE (GAS),821
HgBr2,MERCURY DIBROMIDE,821
HgBr2[g],MERCURY DIBROMIDE (GAS),822
Hg2Br2,DIMERCURY DIBROMIDE,822
HgCl[g],MERCURY MONOCHLORIDE (GAS),823
HgCl2,MERCURY DICHLORIDE,823
HgCl2[g],MERCURY DICHLORIDE (GAS),824
Hg2Cl2,DIMERCURY DICHLORIDE,824
HgF[g],MERCURY MONOFLUORIDE (GAS),825
HgF2,MERCURY DIFLUORIDE,825
HgF2[g],MERCURY DIFLUORIDE (GAS),826
Hg2F2,DIMERCURY DIFLUORIDE,826
HgH[g],MERCURY MONOHYDRIDE (GAS),827
HgI[g],MERCURY MONOIODIDE (GAS),828
HgI2,MERCURY DIIODIDE,828
HgI2[g],MERCURY DIIODIDE (GAS),829
Hg2I2,DIMERCURY DIIODIDE,829
HgO,MERCURY OXIDE (RED),830
HgO[g],MERCURY OXIDE (GAS),830
HgS,MERCURY SULFIDE (RED.),831
HgS[g],MERCURY SULFIDE (GAS),831
HgSO4,MERCURY SULFATE,832
Hg2SO4,DIMERCURY SULFATE,832
HgSe,MERCURY SELENIDE,833
HgSe[g],MERCURY SELENIDE (GAS),833
HgSeO3,MERCURY SELENITE,834
HgTe,MERCURY TELLURIDE,834
HgTe[g],MERCURY TELLURIDE (GAS),835
Ho,HOLMIUM,836
Ho[g],HOLMIUM (GAS),837
HoBr3,HOLMIUM BROMIDE,838
HoBr3[g],HOLMIUM BROMIDE (GAS),839
HoCl3,HOLMIUM CHLORIDE,840
HoCl3[g],HOLMIUM CHLORIDE (GAS),841
HoCl3*6H2O,HOLMIUM CHLORIDE HEXAHYDRATE,841
HoF3,HOLMIUM FLUORIDE,842
HoF3[g],HOLMIUM FLUORIDE (GAS),843
Ho2O3,HOLMIUM OXIDE,843
I[g],IODINE (GAS),844
I2,IODINE,845
I2[g],IODINE (GAS),845
In,INDIUM,846
In[g],INDIUM (GAS),847
InAs,INDIUM ARSENIDE,848
InAsO4,INDIUM ARSENATE,848
InBr,INDIUM MONOBROMIDE,849
InBr[g],INDIUM MONOBROMIDE (GAS),849
InBr3,INDIUM TRIBROMIDE,850
InCl,INDIUM MONOCHLORIDE,850
InCl[g],INDIUM MONOCHLORIDE (GAS),851
InCl2,INDIUM DICHLORIDE,851
InCl2[g],INDIUM DICHLORIDE (GAS),852
InCl3,INDIUM TRICHLORIDE,852
InCl3[g],INDIUM TRICHLORIDE (GAS),853
In2Cl6[g] ,DIINDIUM HEXACHLORIDE (GAS),854
InF[g],INDIUM MONOFLUORIDE (GAS),855
InF2[g],INDIUM DIFLUORIDE (GAS),856
InF3,INDIUM TRIFLUORIDE,857
InF3[g],INDIUM TRIFLUORIDE (GAS),858
InI,INDIUM MONOIODIDE,858
InI[g],INDIUM MONOIODIDE (GAS),859
InI2[g],INDIUM DIIODIDE (GAS),860
InI3,INDIUM TRIIODIDE,860
InI3[g],INDIUM TRIODIDE (GAS),861
InN,INDIUM NITRIDE,861
In2O[g],DIINDIUM OXIDE (GAS),862
In2O3,DIINDIUM TRIOXIDE,863
InP,INDIUM PHOSPHIDE,864
InS,INDIUM MONOSULFIDE,865
InS[g],INDIUM MONOSULFIDE (GAS),866
In2S3,DIINDIUM TRISULFIDE,867
In5S6,PENTAINDIUM HEXASULFIDE,867
In2(SO4)3,DIINDIUM TRISULFATE,868
InSb,INDIUM ANTIMONY,868
InSe,INDIUM MONOSELENIDE,869
InSe[g],INDIUM MONOSELENIDE (GAS),870
In2Se3,DIINDIUM TRISELENIDE,870
InTe,INDIUM MONOTELLURIDE,871
In2Te,DIINDIUM TELLURIDE,871
In2Te3,DIINDIUM TRITELLURIDE,872
Ir,IRIDIUM,873
Ir[g],IRIDIUM (GAS),874
IrBr3,IRIDIUM TRIBROMIDE,875
IrCl3,IRIDIUM TRICHLORIDE,875
IrF6[g],IRIDIUM HEXAFLUORIDE (GAS),876
IrI,IRIDIUM MONOIODIDE,876
Irl2,IRIDIUM DIIODIDE,877
IrO2,IRIDIUM DIOXIDE,877
IrO2[g],IRIDIUM DIOXIDE (GAS),878
IrO3[g],IRIDIUM TRIOXIDE (GAS),879
IrS2,IRIDIUM DISULFIDE,879
Ir2S3,DIIRIDIUM TRISULFIDE,880
K,POTASSIUM,880
K[g],POTASSIUM (GAS),881
K2[g],POTASSIUM (GAS),882
KAlCl4,POTASSIUM TETRACHLOROALUMINATE,882
K3AlCl6,TRIPOTASSIUM HEXACHLOROALUMINATE,883
K3AlF6,TRIPOTASSIUM HEXAFLUOROALUMINATE,883
KAl(SO4)2,POTASSIUM ALUMINIUM SULFATE,884
KAl(SO4)2*3H2O,POTASSIUM ALUMIN. SULFATE 3-HYDRATE,884
KAl(SO4)2*12H2O,POTASSIUM ALUMIN. SULFATE 12-HYDR.,885
K3AsO4,POTASSIUM ARSENATE,885
KBO2,POTASSIUM METABORATE,886
KBO2[g],POTASSIUM METABORATE (GAS),887
KBr,POTASSIUM BROMIDE,888
KBr[g],POTASSIOM BROMIDE (GAS),889
K2Br2[g],DIPOTASSIUM DIBROMIDE (GAS),890
KCN,POTASSIUM CYANIDE,891
KCN[g],POTASSIUM CYANIDE (GAS),892
K2(CN)2[g],DIPOTASSIUM DICYANIDE (GAS),893
K2CO3,POTASSIUM CARBONATE,894
KCl,POTASSIUM CHLORIDE,895
KCl[g],POTASSIUM CHLORIDE (GAS),896
K2Cl2[g],DIPOTASSIUM DICHLORIDE (GAS),897
KClO4,POTASSIUM PERCHLORATE,897
K2CrO4,POTASSIUM CHROMATE,898
KF,POTASSIUM FLUORIDE,899
KF[g],POTASSIUM FLUORIDE (GAS),900
K2F2[g],DIPOTASSIUM DIFLUORIDE (GAS),901
KH,POTASSIUM HYDRIDE,901
KH[g],POTASSIUM HYDRIDE (GAS),902
KH2PO4,POTASSIUM DIHYDROGEN PHOSPHATE,903
K2HPO4,DIPOTASSIUM HYDROGEN PHOSPHATE,903
KI,POTASSIUM IODIDE,904
KI[g],POTASSIUM IODIDE (GAS),905
K2I2[g],DIPOTASSIUM DIIODIDE (GAS),906
KNO3,POTASSIUM NITRATE,906
KO[g],POTASSIUM MONOXIDE (GAS),907
KO2,POTASSIUM DIOXIDE,907
K2O,POTASSIUM OXIDE,908
K2O2,DIPOTASSIUM PEROXIDE,908
KAlSiO4,KALIOPHILITE,909
KAlSi2O6,LEUCITE,909
KAlSi3O8,MICROCLINE,910
KAlSi3O8[A],ADULARIA,910
KAlSi3O8[S],SANIDINE,911
KAl3Si3O10(OH)2,MUSCOVITE,912
K2B4O7,DIPOTASSIUM TETRABORATE,913
K2B6O10,DIPOTASSIUM HEXABORATE,913
K2B8O13,DIPOTASSIUM OCTABORATE,914
KOH,POTASSIUM HYDROXIDE,915
KOH[g],POTASSIUM HYDROXIDE (GAS),916
K2(OH)2[g],DIPOTASSIUM DIHYDROXIDE (GAS),917
K2SiO3,POTASSIUM METASILICATE,918
K2Si2O5,POTASSIUM DISILICATE,919
K2Si4O9,POTASSIUM TETRASILICATE,920
K3PO4,POTASSIUM PHOSPHATE,920
K2S,POTASSIUM SULFIDE,921
K2SO3,POTASSIUM SULFITE,922
K2SO4,POTASSIUM SULFATE,923
Kr[g],KRYPTON (GAS),924
La,LANTHANUM,925
La[g],LANTHANUM (GAS),926
LaAsO4,LANTHANUM ARSENATE,927
LaBr3,LANTHANUM BROMIDE,927
LaBr3[g],LANTHANUM BROMIDE (GAS),928
LaCl3,LANTHANUM CHLORIDE,929
LaCl3[g],LANTHANUM CHLORIDE (GAS),930
LaF3,LANTHANUM FLUORIDE,931
LaF3[g],LANTHANUM FLUORIDE (GAS),932
LaH2,LANTHANUM DIHYDRIDE,932
LaI3,LANTHANUM IODIDE,933
LaI3[g],LANTHANUM IODIDE (GAS),934
LaMg,LANTHANUM MAGNESIUM,934
LaN,LANTHANUM NITRIDE,935
La2O3,LANTHANUM OXIDE,936
LaOCl,LANTHANUM CHLORIDE OXIDE,936
LaS,LANTHANUM MONOSULFIDE,937
La2S3,LANTHANUM SULFIDE,938
LaSe,LANTHANUM MONOSELENIDE,939
LaSe[g],LANTHANUM MONOSELENIDE (GAS),940
La2Se3,LANTHANUM SELENIDE,941
La2Te3,LANTHANUM TELLURIDE,942
Li,LITHIUM,943
Li[g],LITHIUM (GAS),944
Li2[g],LITHIUM (GAS),945
LiAlF4[g],LITHIUM TETRAFLUOROALUMINATE (GAS),946
Li3AlF6,TRILITHIUM HEXAFLUOROALUMINATE,947
Li3AsO4,LITHIUM ARSENATE,948
LiBO2,LITHIUM METABORATE,948
LiBO2[g],LITHIUM METABORATE (GAS),949
LiBeF3,LITHIUM TRIFLUOROBERYLLATE,949
LiBeF3[g],LITHIUM TRIFLUOROBERYLLATE (GAS),950
Li2BeF4,DILITHIUM TETRAFLUOROBERYLLATE,951
LiBr,LITHIUM BROMIDE,952
LiBr[g],LITHIUM BROMIDE (GAS),953
Li2Br2[g],DILITHIUM DIBROMIDE (GAS),954
Li2CO3,LITHIUM CARBONATE,955
LiCl,LITHIUM CHLORIDE,956
LiCl[g],LITHIUM CHLORIDE (GAS),957
Li2Cl2[g],DILITHIUM DICHLORIDE (GAS),958
LiClO[g],LITHIUM HYPOCHLORITE (GAS),959
LiClO4,LITHIUM PERCHLORATE,960
LiF,LITHIUM FLUORIDE,961
LiF[g],LITHIUM FLUORIDE (GAS),962
Li2F2[g],DILITHIUM DIFLUORIDE (GAS),963
Li3F3[g],TRILITHIUM TRIFLUORIDE (GAS),964
LiFO[g],LITHIUM HYPOFLUORITE (GAS),965
LiH,LITHIUM HYDRIDE,966
LiH[g],LITHIUM HYDRIDE (GAS),967
LiI,LITHIUM IODIDE,968
LiI[g],LITHIUM IODIDE (GAS),969
Li2I2[g],DILITHIUM DIIODIDE (GAS),970
Li3N,TRILITHIUM NITRIDE,970
LiO[g],LITHIUM MONOXIDE (GAS),971
Li2O,LITHIUM OXIDE,972
Li2O[g],LITHIUM OXIDE (GAS),973
Li2O2,DILITHIUM PEROXIDE,973
Li2O2[g],DILITHIUM PEROXIDE (GAS),974
LiAlO2,LITHIUM ALUMINATE,975
LiAlSiO4,EUCRYPTITE,976
LiAlSi2O6,ALPHA-SPODUMENE,976
LiAlSi2O6[B],BETA-SPODUMENE,977
Li2B4O7,DILITHIUM TETRABORATE,978
Li2B6O10,DILITHIUM HEXABORATE,979
LiFeO2,LITHIUM IRON DIOXIDE,979
LiOH,LITHIUM HYDROXIDE,980
LiOH[g],LITHIUM HYDROXIDE (GAS),981
Li2(OH)2[g],DILITHIUM DIHYDROXIDE (GAS),982
Li2SiO3,LITHIUM METASILICATE,983
Li2Si2O5,LITHIUM DISILICATE,984
Li4SiO4,LITHIUM ORTHOSILICATE,985
Li2TiO3,DILITHIUM TITANIUM TRIOXIDE,986
Li2ZrO3,DILITHIUM ZIRCONIUM TRIOXIDE,987
Li2Se,LITHIUM SELENIDE,988
Li2SO4,LITHIUM SULFATE,988
Li2Te,LITHIUM TELLURIDE,989
Lu,LUTETIUM,990
Lu[g],LUTETIUM (GAS),991
Lu2O3,LUTETIUM OXIDE,992
Mg,MAGNESIUM,993
Mg3(AsO4)2,MAGNESIUM ARSENATE,994
Mg[g],MAGNESIUM (GAS),994
MgB2,MAGNESIUM DIBORIDE,995
MgB4,MAGNESIUM TETRABORIDE,995
MgBr[g],MAGNESIUM MONOBROMIDE (GAS),996
MgBr2,MAGNESIUM BROMIDE,997
MgBr2[g],MAGNESIUM BROMIDE (GAS),998
Mg2Br4[g],DIMAGNESIUM TETRABROMIDE (GAS),999
MgC2,MAGNESIUM DICARBIDE,1000
Mg2C3,DIMAGNESIUM TRICARBIDE,1001
MgCO3,MAGNESIUM CARBONATE,1001
MgCl[g],MAGNESIUM MONOCHLORIDE,1002
MgCl2,MAGNESIUM CHLORIDE,1003
MgCl2[g],MAGNESIUM CHLORIDE (GAS),1004
MgF[g],MAGNESIUM MONOFLUORIDE (GAS),1005
MgF2,MAGNESIUM FLUORIDE,1006
MgF2[g],MAGNESIUM FLUORIDE (GAS),1007
Mg2F4[g],DIMAGNESIUM TETRAFLUORIDE (GAS),1008
MgH2,MAGNESIUM HYDRIDE,1008
MgI[g],MAGNESIUM MONOIODIDE (GAS),1009
MgI2,MAGNESIUM IODIDE,1010
MgI2[g],MAGNESIUM IODIDE (GAS),1011
MgMoO4,MAGNESIUM MOLYBDATE,1011
Mg3N2,TRIMAGNESIUM DINITRIDE,1012
Mg(NO3)2,MAGNESIUM NITRATE,1012
MgNi2,MAGNESIUM 2-NICKEL,1013
MgO,MAGNESIUM OXIDE,1014
MgAl2O4,MAGNESIUM DIALUMINIUM TETRAOXIDE,1015
MgOH[g],MAGNESIUM MONOHYDROXIDE (GAS),1016
Mg(OH)2,MAGNESIUM HYDROXIDE,1017
Mg(OH)Cl,MAGNESIUM CHLORIDE HYDROXIDE,1017
MgSiO3,MAGNESIUM METASILICATE,1018
Mg2SiO4,MAGNESIUM ORTHOSILICATE,1019
Mg3Si2O5(OH)4,CHRYSOTILE,1020
Mg3Si4O10(OH)2,TALC,1020
Mg7Si8O22(OH)2,ANTHOPHYLLITE,1021
MgTiO3,MAGNESIUM TITANIUM TRIOXIDE,1022
MgTi2O5,MAGNESIUM DITITANIUM PENTOXIDE,1023
Mg2TiO4,DIMAGNESIUM TITANIUM TETRAOXIDE,1024
Mg3(PO4)2,MAGNESIUM ORTHOPHOSPHATE,1025
Mg2Pb,2-MAGNESIUM LEAD,1025
MgS,MAGNESIUM SULFIDE,1026
MgS[g],MAGNESIUM SULFIDE (GAS),1027
MgSO4,MAGNESIUM SULFATE,1028
MgSe,MAGNESIUM SELENIDE,1028
MgSeO3,MAGNESIUM SELENITE,1029
Mg2Si,2-MAGNESIUM SILICON,1029
MgTe,MAGNESIUM TELLURIDE,1030
Mg2Th,2-MAGNESIUM THORIUM,1030
Mg(VO3)2,MAGNESIUM METAVANADATE,1031
Mg2V207,MAGNESIUM PYROVANADATE,1031
MgWO4,MAGNESIUM TUNGSTATE,1032
Mn,MANGANESE,1033
Mn[g],MANGANESE (GAS),1034
MnAs,MANGANESE ARSENIDE,1035
Mn3(AsO4)2,MANGANESE ARSENATE,1035
MnB,MANGANESE MONOBORIDE,1036
MnB2,MANGANESE DIBORIDE,1036
MnBr2,MANGANESE DIBROMIDE,1037
MnBr2[g],MANGANESE DIBROMIDE (GAS),1038
Mn3C,TRIMANGANESE CARBIDE,1038
Mn7C3,HEPTAMANGANESE TRICARBIDE,1039
Mn15C4,15-MANGANESE 4-CARBIDE,1039
MnCO3,MANGANESE CARBONATE,1040
MnCl2,MANGANESE DICHLORIDE,1040
MnCl2[g],MANGANESE DICHLORIDE (GAS),1041
MnF2,MANGANESE DIFLUORIDE,1042
MnF2[g],MANGANESE DIFLUORIDE (GAS),1042
MnF3,MANGANESE TRIFLUORIDE,1043
MnI2,MANGANESE DIIODIDE,1043
MnMoO4,MANGANESE MOLYBDATE,1044
Mn4N,TETRAMANGANESE MONONITRIDE,1044
Mn5N2,PENTAMANGANESE DINITRIDE,1045
MnO,MANGANESE OXIDE,1046
MnO2,MANGANESE DIOXIDE,1047
Mn2O3,DIMANGANESE TRIOXIDE,1047
Mn3O4,TRIMANGANESE TETRAOXIDE,1048
MnAl2O4,MANGANESE DIALUMINIUM TETRAOXIDE,1049
MnSiO3,RHODONITE,1050
Mn2SiO4,TEPHROITE,1051
MnTiO3,MANGANESE TITANIUM TRIOXIDE,1052
Mn2TiO4,DIMANGANESE TITANIUM TETRAOXIDE,1052
MnP,MANGANESE MONOPHOSPHIDE,1053
MnP3,MANGANESE TRIPHOSPHIDE,1053
Mn2P,DIMANGANESE PHOSPHIDE,1054
MnS,MANGANESE MONOSULFIDE (GREEN),1055
MnS2,MANGANESE DISULFIDE,1055
MnSO4,MANGANESE SULFATE,1056
MnSb,MANGANESE ANTIMONY,1056
Mn2Sb,2-MANGANESE ANTIMONY,1057
MnSe,MANGANESE SELENIDE,1057
MnSi,MANGANESE SILICON,1058
MnSi1.7,MANGANESE 1.7-SILICON,1059
Mn3Si,3-MANGANESE SILICON,1059
Mn5Si3,5-MANGANESE 3-SILICON,1060
MnSn2,MANGANESE 2-TIN,1060
MnTe,MANGANESE TELLURIDE,1061
MnTe2,MANGANESE DITELLURIDE,1061
MnWO4,MANGANESE TUNGSTATE,1062
Mo,MOLYBDENUM,1063
Mo[g],MOLYBDENUM (GAS),1065
MoAsO4,MOLYBDENUM ARSENATE,1066
MoC,MOLYBDENUM MONOCARBIDE (GAMMA),1066
Mo2C,DIMOLYBDENUM CARBIDE,1067
Mo(CO)6,MOLYBDENUM HEXACARBONYL,1067
Mo(CO)6[g],MOLYBDENUM HEXACARBONYL (GAS),1068
Mo2N,DIMOLYBDENUM NITRIDE,1068
MoO[g],MOLYBDENUM MONOXIDE (GAS),1069
MoO2,MOLYBDENUM DIOXIDE,1070
MoO2[g],MOLYBDENUM DIOXIDE (GAS),1071
MoO3,MOLYBDENUM TRIOXIDE,1072
MoO3[g],MOLYBDENUM TRIOXIDE (GAS),1073
MoO2Cl2,MOLYBDENUM DICHLORIDE DIOXIDE,1074
MoO2Cl2[g],MOLYBDENUM DICHLORIDE DIOX. (GAS),1074
MoS2,MOLYBDENUM DISULFIDE,1075
MoS3,MOLYBDENUM TRISULFIDE,1075
Mo2S3,MOLYBDENUM SESQUISULFIDE,1076
MoSi2,MOLYBDENUM 2-SILICON,1077
Mo3Si,3-MOLYBDENUM SILICON,1078
Mo5Si3,5-MOLYBDENUM 3-SILICON,1079
N[g],NITROGEN (GAS),1080
N2[g],NITROGEN (GAS),1081
NCO[g],NCO RADICAL (GAS),1082
ND[g],IMIDOGEN-D1 (GAS),1083
ND2[g],AMIDOGEN-D2 (GAS),1084
ND3[g],AMMONIA-D3 (GAS),1085
NH[g],IMIDOGEN (GAS),1086
NH2[g],AMIDOGEN (GAS),1087
NH3[g],AMMONIA (GAS),1088
N2H4[g],HYDRAZINE (GAS),1089
NH4Cl,AMMONIUM CHLORIDE,1089
NH4ClO4,AMMONIUM PERCHLORATE,1090
NH4I,AMMONIUM IODIDE,1090
(NH4)2SO4,AMMONIUM SULFATE,1091
NO[g],NITRIC OXIDE (GAS),1092
NO2[g],NITROGEN DIOXIDE (GAS),1093
NO3[g],NITROGEN TRIOXIDE (GAS),1094
N20[g],DINITROGEN OXIDE (GAS),1095
N2O3[g],DINITROGEN TRIOXIDE (GAS),1096
N2O4,DINITROGEN TETRAOXIDE,1096
N2O4[g],DINITROGEN TETRAOXIDE (GAS),1097
N2O5[g],DINITROGEN PENTAOXIDE (GAS),1098
NOBr[g],NITROSYL BROMIDE (GAS),1099
NOCl[g],NITROSYL CHLORIDE (GAS),1100
NO2Cl[g],NITRYL CHLORIDE (GAS),1101
NOF[g],NITROSYL FLUORIDE (GAS),1102
Na,SODIUM,1102
Na[g],SODIUM (GAS),1103
Na2[g],SODIUM (GAS),1104
NaAlCl4,SODIUM TETRACHLOROALUMINATE,1104
Na3AlCl6,TRISODIUM HEXACHLOROALUMINATE,1105
Na3AlF6,CRYOLITE,1106
Na3As,TRISODIUM ARSENIDE,1107
Na3AsO4,SODIUM ARSENATE,1107
NaBO2,SODIUM METABORATE,1108
NaBO2[g],SODIUM METABORATE (GAS),1109
NaB3O5,SODIUM TRIBORATE,1110
Na2B4O7,DISODIUM TETRABORATE,1110
NaBr,SODIUM BROMIDE,1111
NaBr[g],SODIUM BROMIDE (GAS),1112
Na2Br2[g],DISODIUM DIBROMIDE (GAS),1113
NaCN,SODIUM CYANIDE,1114
NaCN[g],SODIUM CYANIDE (GAS),1115
Na2(CN)2[g],DISODIUM DICYANIDE (GAS),1116
Na2CO3,SODIUM CARBONATE,1117
NaCl,SODIUM CHLORIDE,1118
NaCl[g],SODIUM CHLORIDE (GAS),1119
Na2Cl2[g],DISODIUM DICHLORIDE (GAS),1120
NaClO4,SODIUM PERCHLORATE,1120
Na2CrO4,SODIUM CHROMATE,1121
NaF,SODIUM FLUORIDE,1122
NaF[g],SODIUM FLUORIDE (GAS),1123
Na2F2[g],DISODIUM DIFLUORIDE (GAS),1124
NaH,SODIUM HYDRIDE,1124
NaH[g],SODIUM HYDRIDE (GAS),1125
NaHCO3,SODIUM HYDROGEN CARBONATE,1125
NaI,SODIUM IODIDE,1126
Na2MoO4,SODIUM MOLYBDATE,1127
NaNO2,SODIUM NITRITE,1128
NaNO3,SODIUM NITRATE,1128
NaO[g],SODIUM MONOXIDE (GAS),1129
NaO2,SODIUM SUPEROXIDE,1129
Na2O,SODIUM OXIDE,1130
Na2O2,DISODIUM PEROXIDE,1131
NaAlO2,SODIUM ALUMINATE,1132
NaAlSiO4,NEPHELINE,1133
NaAlSi2O6,JADEITE,1134
NaAlSi2O6[D],DEHYDRATED ANALCITE,1134
NaAlSi3O8,ALBITE,1135
NaAlSi3O8[A],ANALBITE,1135
NaAlSi2O6*H2O,ANALCITE,1136
NaOH,SODIUM HYDROXIDE,1136
NaOH[g],SODIUM HYDROXIDE (GAS),1137
Na2(OH)2[g],DISODIUM DIHYDROXIDE (GAS),1138
Na2SiO3,SODIUM METASILICATE,1139
Na2Si2O5,SODIUM DISILICATE,1140
Na4SiO4,SODIUM ORTHOSILICATE,1141
Na6Si2O7,HEXASODIUM DISILICON HEPTAOXIDE,1141
Na2TiO3,DISODIUM TITANIUM TRIOXIDE,1142
Na2Ti2O5,DISODIUM DITITANIUM PENTAOXIDE,1143
Na2Ti3O7,DISODIUM TRITITANIUM HEPTAOXIDE,1144
Na3PO4,SODIUM PHOSPHATE,1144
Na2S,SODIUM SULFIDE,1145
Na2S2,DISODIUM DISULFIDE,1146
Na2S3,DISODIUM TRISULFIDE,1146
Na2S4,DISODIUM TETRASULFIDE,1147
Na2SO3,SODIUM SULFITE,1148
Na2SO4,SODIUM SULFATE,1149
Na2SO4[III],SODIUM SULFATE (III),1150
NaTe,SODIUM TELLURIDE,1150
NaTe3,SODIUM TRITELLURIDE,1151
Na2Te,SODIUM TELLURIDE,1152
NaVO3,SODIUM METAVANADATE,1153
Na3VO4,SODIUM ORTHOVANADATE,1154
Na4V2O7,SODIUM PYROVANADATE,1154
Na2WO4,SODIUM TUNGSTATE,1155
Nb,NIOBIUM,1156
Nb[g],NIOBIUM (GAS),1158
NbB2,NIOBIUM DIBORIDE,1159
NbBr5,NIOBIUM PENTABROMIDE,1160
NbBr5[g],NIOBIUM PENTABROMIDE (GAS),1160
NbC0.702,NIOBIUM 0.702-CARBIDE,1161
NbC0.825,NIOBIUM 0.825-CARBIDE,1162
NbC,NIOBIUM CARBIDE,1163
Nb2C,DINIOBIUM CARBIDE,1164
NbCl2,NIOBIUM DICHLORIDE,1164
NbCl2.33,NIOBIUM 2.33-CHLORIDE,1165
NbCl2.67,NIOBIUM 2.67-CHLORIDE,1165
NbCl3,NIOBIUM TRICHLORIDE,1166
NbCl3.13,NIOBIUM 3.13-CHLORIDE,1166
NbCl4,NIOBIUM TETRACHLORIDE,1167
NbCl4[g],NIOBIUM TETRACHLORIDE (GAS),1167
NbCl5,NIOBIUM PENTACHLORIDE,1168
NbCl5[g],NIOBIUM PENTACHLORIDE (GAS),1168
NbF5,NIOBIUM PENTAFLUORIDE,1169
NbF5[g],NIOBIUM PENTAFLUORIDE (GAS),1169
NbFe2,NIOBIUM 2-IRON,1170
NbI5,NIOBIUM PENTAIODIDE,1170
NbN,NIOBIUM NITRIDE,1171
Nb2N,DINOBIUM NITRIDE,1172
NbO,NIOBIUM MONOXIDE,1173
NbO2,NIOBIUM DIOXIDE,1174
Nb2O5,DINIOBIUM PENTAOXIDE,1175
NbOCl2,NIOBIUM DICHLORIDE OXIDE,1176
NbOCl3,NIOBIUM TRICHLORIDE OXIDE,1176
NbOCl3[g],NIOBIUM TRICHLORIDE OXIDE (GAS),1177
NbO2Cl,NIOBIUM CHLORIDE DIOXIDE,1177
NbSi2,NIOBIUM 2-SILICON,1178
Nb5Si3,5-NIOBIUM 3-SILICON,1179
Nd,NEODYMIUM,1180
Nd[g],NEODYMIUM (GAS),1181
NdBr3,NEODYMIUM BROMIDE,1182
NdBr3[g],NEODYMIUM BROMIDE (GAS),1183
NdCl3,NEODYMIUM CHLORIDE,1184
NdCl3[g],NEODYMIUM CHLORIDE (GAS),1185
NdF3,NEODYMIUM FLUORIDE,1186
NdF3[g],NEODYMIUM FLUORIDE (GAS),1187
NdH2,NEODYMIUM DIHYDRIDE,1187
Ndl3,NEODYMIUM IODIDE,1188
NdI3[g],NEODYMIUM IODIDE (GAS),1189
Nd2O3,NEODYMIUM OXIDE,1190
NdOCl,NEODYMIUM CHLORIDE OXIDE,1190
Nd2Zr2O7,NEODYMIUM ZIRCONIUM HEPTAOXIDE,1191
NdS,NEODYMIUM MONOSULFIDE,1191
Nd2S3,NEODYMIUM SULFIDE,1192
Nd2(SO4)3,NEODYMIUM SULFATE,1192
NdSe,NEODYMIUM MONOSELENIDE,1193
Nd2Se3,NEODYMIUM SELENIDE,1194
NdTe,NEODYMIUM MONOTELLURIDE,1195
Nd2Te3,NEODYMIUM TELLURIDE,1196
Ne[g],NEON (MONOATOMIC GAS),1197
Ni,NICKEL,1198
Ni[g],NICKEL (GAS),1199
NiAs,NICKEL ARSENIDE,1200
Ni5As2,5-NICKEL 2-ARSENIDE,1200
Ni11As8,11-NICKEL 8-ARSENIDE,1201
Ni3(AsO4)2,NICKEL ARSENATE,1201
NiB,NICKEL MONOBORIDE,1202
Ni4B3,TETRANICKEL TRIBORIDE,1202
NiBr[g],NICKEL MONOBROMIDE (GAS),1203
NiBr2,NICKEL BROMIDE,1203
NiBr2[g],NICKEL BROMIDE (GAS),1204
Ni3C,TRINICKEL CARBIDE,1204
NiCO3,NICKEL CARBONATE,1205
Ni(CO)4[g],NICKEL TETRACARBONYL (GAS),1205
NiCl[g],NICKEL MONOCHLORIDE (GAS),1206
NiCl2,NICKEL CHLORIDE,1207
NiCl2[g],NICKEL CHLORIDE (GAS),1208
NiF[g],NICKEL MONOFLUORIDE (GAS),1209
NiF2,NICKEL FLUORIDE,1210
NiF2[g],NICKELFLUORIDE (GAS),1211
NiI[g],NICKEL MONOIODIDE (GAS),1212
NiI2,NICKEL IODIDE,1212
NiO,NICKEL OXIDE,1213
NiO[g],NICKEL OXIDE (GAS),1214
NiAl2O4,NICKEL DIALUMINIUM TETRAOXIDE,1215
Ni2SiO4,DINICKEL ORTHOSILICATE,1216
NiTiO3,NICKEL TITANIUM TRIOXIDE,1217
Ni2P,DINICKEL PHOSPHIDE,1217
Ni3P,TRINICKEL PHOSPHIDE,1218
Ni5P2,PENTANICKEL DIPHOSPHIDE,1218
NiS0.84,NICKEL 0.84-SULFIDE,1219
NiS,NICKEL SULFIDE,1220
NiS2,NICKEL DISULFIDE,1221
Ni3S2,TRINICKEL DISULFIDE,1222
Ni3S4,TRINICKEL TETRASULFIDE,1222
NiSO4,NICKEL SULFATE,1223
NiSb,NICKEL ANTIMONY,1223
NiSe1.05,NICKEL 1.05-SELENIDE,1224
NiSe1.143,NICKEL 1.143-SELENIDE,1224
NiSe1.25,NICKEL 1.25-SELENIDE,1225
NiSe2,NICKEL DISELENIDE,1225
NiSeO3,NICKEL SELENITE,1226
NiSi,NICKEL SILICON,1226
Ni7Si13,7-NICKEL 13-SILICON,1227
Ni3Sn,3-NICKEL TIN,1227
Ni3Sn2,3-NICKEL 2-TIN,1228
NiTe1.1,NICKEL 1.1-TELLURIDE,1228
NiTi,NICKEL TITANIUM,1229
NiTi2,NICKEL 2-TITANIUM,1229
Ni3Ti,3-NICKEL TITANIUM,1230
NiWO4,NICKEL TUNGSTATE,1230
Np,NEPTUNIUM,1231
Np[g],NEPTUNIUM (GAS),1233
NpCl3,NEPTUNIUM TRICHLORIDE,1234
NpCl4,NEPTUNIUM TETRACHLORIDE,1234
NpF3,NEPTUNIUM TRIFLUORIDE,1235
NpF6,NEPTUNIUM HEXAFLUORIDE,1235
NpF6[g],NEPTUNIUM HEXAFLUORIDE (GAS),1236
NpO2,NEPTUNIUM DIOXIDE,1236
NpOCl2,NEPTUNIUM DICHLORIDE OXIDE,1237
NpO3*H2O,NEPTUNIUM TRIOXIDE HYDRATE,1237
O[g],OXYGEN (GAS),1238
O2[g],OXYGEN (GAS),1239
O3[g],OZONE (GAS),1240
OD[g],HYDROXYL-D1 (GAS),1241
OF2[g],OXYGEN DIFLUORIDE (GAS),1242
OH[g],HYDROXYL (GAS),1243
Os,OSMIUM,1244
Os[g],OSMIUM (GAS),1246
OsO2,OSMIUM DIOXIDE,1247
OsO4,OSMIUM TETRAOXIDE (YELLOW),1248
OsO4[g],OSMIUM TETRAOXIDE (GAS),1248
OsP2,OSMIUM DIPHOSPHIDE,1249
OsS2,OSMIUM DISULFIDE,1249
OsSe2,OSMIUM DISELENIDE,1250
P,PHOSPHORUS (WHITE),1250
P[g],PHOSPHORUS (GAS),1251
P[R],PHOSPHORUS (RED),1251
P2[g],PHOSPHORUS (GAS),1252
P4[g],PHOSPHORUS (GAS),1253
PBr3[g],PHOSPHORUS TRIBROMIDE (GAS),1254
PCl3[g],PHOSPHORUS TRICHLORIDE (GAS),1255
PCl5[g],PHOSPHORUS PENTACHLORIDE (GAS),1256
PF3[g],PHOSPHORUS TRIFLUORIDE (GAS),1257
PF5[g],PHOSPHORUS PENTAFLUORIDE (GAS),1258
PH3[g],PHOSPHINE (GAS),1259
PI3[g],PHOSPHORUS TRIIODIDE (GAS),1259
PN[g],PHOSPHORUS MONONITRIDE (GAS),1260
PO[g],PHOSPHORUS MONOXIDE (GAS),1261
PO2[g],PHOSPHORUS DIOXIDE (GAS),1262
P2O5,DIPHOSPHORUS PENTAOXIDE (LIQUID),1263
P4O6[g],TETRAPHOSPHORUS HEXAOXIDE (GAS),1264
P4O10,TETRAPHOSPHORUS DECAOXIDE,1264
P4O10[g],TETRAPHOSPHORUS DECAOXIDE (GAS),1265
POBr3[g],PHOSPHORUS TRIBROMIDE OXIDE (GAS),1266
POCl3,PHOSPHORUS TRICHLORIDE OXIDE,1266
POCl3[g],PHOSPHORUS TRICHLORIDE OXIDE (GAS),1267
PS[g],PHOSPHORUS MONOSULFIDE (GAS),1268
P4S3,TETRAPHOSPHORUS TRISULFIDE,1268
P4S5,TETRAPHOSPHORUS PENTASULFIDE,1269
P4S6,TETRAPHOSPHORUS HEXASULFIDE,1269
P4S7,TETRAPHOSPHORUS HEPTASULFIDE,1270
P4S10,TETRAPHOSPHORUS DECASULFIDE,1270
Pa,PROTACTINIUM,1271
Pa[g],PROTACTINIUM (GAS),1272
Pb,LEAD,1273
Pb[g],LEAD (GAS),1274
Pb2[g],LEAD (GAS),1275
Pb3(AsO4)2,LEAD ARSENATE,1275
PbBr[g],LEAD MONOBROMIDE (GAS),1276
PbBr2,LEAD DIBROMIDE,1277
PbBr2[g],LEAD DIBROMIDE (GAS),1278
PbBr4[g],LEAD TETRABROMIDE (GAS),1279
PbCO3,LEAD CARBONATE,1279
PbCl[g],LEAD MONOCHLORIDE (GAS),1280
PbCl2,LEAD DICHLORIDE,1281
PbCl2[g],LEAD DICHLORIDE (GAS),1282
PbCl4[g],LEAD TETRACHLORIDE (GAS),1283
PbF[g],LEAD MONOFLUORIDE (GAS),1284
PbF2,LEAD DIFLUORIDE,1285
PbF2[g],LEAD DIFLUORIDE (GAS),1286
PbF4[g],LEAD TETRAFLUORIDE (GAS),1287
PbH[g],LEAD MONOHYDRIDE (GAS),1288
PbI[g],LEAD MONOIODIDE (GAS),1289
PbI2,LEAD DIIODIDE,1290
PbI2[g],LEAD DIODIDE (GAS),1291
PbI4[g],LEAD TETRAIODIDE (GAS),1292
Pb2I4[g],DILEAD TETRAIODIDE (GAS),1292
PbMoO4,LEAD MOLYBDATE,1293
PbO,"LEAD OXIDE (YELLOW, MASSICOT)",1294
PbO[g],LEAD OXIDE (GAS),1295
PbO[R],LEAD OXIDE (RED),1295
PbO2,LEAD DIOXIDE,1296
Pb3O4,TRILEAD TETRAOXIDE,1296
PbB2O4,LEAD DIBORATE,1297
PbB4O7,LEAD TETRABORATE,1297
PbO*PbCO3,DILEAD OXIDE CARBONATE,1298
PbO*PbSO4,DILEAD OXIDE SULFATE,1298
2PbO*PbSO4,TRILEAD DIOXIDE SULFATE,1299
3PbO*PbSO4,TETRALEAD TRIOXIDE SULFATE,1299
4PbO*PbS04,PENTALEAD TETRAOXIDE SULFATE,1300
PbSiO3,LEAD METASILICATE,1300
Pb2SiO4,DILEAD ORTHOSILICATE,1301
Pb4SiO6,TETRALEAD SILICATE,1302
PbTiO3,LEAD TITANIUM TRIOXIDE,1303
PbS,LEAD SULFIDE,1304
PbS[g],LEAD SULFIDE (GAS),1305
PbSO4,LEAD SULFATE,1306
PbSe,LEAD SELENIDE,1307
PbSe[g],LEAD SELENIDE (GAS),1308
PbSeO3,LEAD SELENITE,1308
PbSeO4,LEAD SELENATE,1309
PbTe,LEAD TELLURIDE,1309
PbTe[g],LEAD TELLURIDE (GAS),1310
PbWO4,LEAD TUNGSTATE,1310
Pd,PALLADIUM,1311
Pd[g],PALLADIUM (GAS),1312
PdCl2,PALLADIUM CHLORIDE,1313
PdF2,PALLADIUM FLUORIDE,1313
PdI2,PALLADIUM IODIDE,1314
PdO,PALLADIUM OXIDE,1314
PdS,PALLADIUM SULFIDE,1315
PdS2,PALLADIUM DISULFIDE,1315
Pd4S,TETRAPALLADIUM SULFIDE,1316
PdTe,PALLADIUM TELLURIDE,1316
Pr,PRASEODYMIUM,1317
Pr[g],PRASEODYMIUM (GAS),1318
PrBr3,PRASEODYMIUM BROMIDE,1319
PrBr3[g],PRASEODYMIUM BROMIDE (GAS),1320
PrCl3,PRASEODYMIUM CHLORIDE,1321
PrCl3[g],PRASEODYMIUM CHLORIDE (GAS),1322
PrF3,PRASEODYMIUM FLUORIDE,1323
PrF3[g],PRASEODYMIUM FLUORIDE (GAS),1324
PrH2,PRASEODYMIUM DIHYDRIDE,1324
PrI3,PRASEODYMIUM IODIDE,1325
PrI3[g],PRASEODYMIUM IODIDE (GAS),1326
PrO1.833,PRASEODYMIUM 1.833-OXIDE,1326
PrO2,PRASEODYMIUM DIOXIDE,1327
Pr2O3,PRASEODYMIUM OXIDE,1327
Pr7O12,7-PRASEODYMIUM 12-OXIDE,1328
PrS,PRASEODYMIUM MONOSULFIDE,1328
Pr3S4,TRIPRASEODYMIUM TETRASULFIDE,1329
Pt,PLATINUM,1330
Pt[g],PLATINUM (GAS),1331
PtBr3,PLATINUM TRIBROMIDE,1332
PtBr2,PLATINUM DIBROMIDE,1332
PtBr4,PLATINUM TETRABROMIDE,1333
PtCl2,PLATINUM DICHLORIDE,1333
PtCl3,PLATINUM TRICHLORIDE,1334
PtCl4,PLATINUM TETRACHLORIDE,1334
PtI4,PLATINUM TETRAIODIDE,1335
PtO2[g],PLATINUM DIOXIDE (GAS),1335
PtS,PLATINUM MONOSULFIDE,1336
PtS2,PLATINUM DISULFIDE,1336
Pt5Se4,PENTAPLATINUM TETRASELENIDE,1337
Pu,PLUTONIUM,1338
Pu[g],PLUTONIUM (GAS),1340
PuBr3,PLUTONIUM TRIBROMIDE,1341
PuC0.88,PLUTONIUM 0.88-CARBIDE,1342
PuC2,PLUTONIUM DICARBIDE,1343
Pu2C3,DIPLUTONIUM TRICARBIDE,1344
PuCl3,PLUTONIUM TRICHLORIDE,1345
PuF3,PLUTONIUM TRIFLUORIDE,1346
PuF4,PLUTONIUM TETRAFLUORIDE,1347
PuF6,PLUTONIUM HEXAFLUORIDE,1347
PuF6[g],PLUTONIUM HEXAFLUORIDE (GAS),1348
PuH2,PLUTONIUM DIHYDRIDE,1348
PuH3,PLUTONIUM TRIHYDRIDE,1349
PuI3,PLUTONIUM TRIODIDE,1349
PuN,PLUTONIUM NITRIDE,1350
PuO,PLUTONIUM OXIDE,1351
PuO2,PLUTONIUM DIOXIDE,1352
Pu2O3,DIPLUTONIUM TRIOXIDE (ALPHA),1353
Pu2O3[B],DIPLUTONIUM TRIOXIDE (BETA),1354
PuOBr,PLUTONIUM BROMIDE OXIDE,1354
PuOCl,PLUTONIUM CHLORIDE OXIDE,1355
PuOF,PLUTONIUM FLUORIDE OXIDE,1355
PuOI,PLUTONIUM IODIDE OXIDE,1356
PuS,PLUTONIUM MONOSULFIDE,1357
Pu2S3,DIPLUTONIUM TRISULFIDE,1358
Pu(SO4)2,PLUTONIUM DISULFATE,1358
Rb,RUBIDIUM,1359
Rb[g],RUBIDIUM (GAS),1360
Rb2[g],RUBIDIUM (GAS),1361
Rb3AsO4,RUBIDIUM ARSENATE,1362
RbBr,RUBIDIUM BROMIDE,1362
RbBr[g],RUBIDIUM BROMIDE (GAS),1363
Rb2CO3,RUBIDIUM CARBONATE,1364
RbCl,RUBIDIUM CHLORIDE,1365
RbCl[g],RUBIDIUM CHLORIDE (GAS),1366
Rb2Cl2[g],DIRUBIDIUM DICHLORIDE (GAS),1367
RbF,RUBIDIUM FLUORIDE,1368
RbF[g],RUBIDIUM FLUORIDE (GAS),1369
Rb2F2[g],DIRUBIDIUM DIFLUORIDE (GAS),1370
RbI,RUBIDIUM IODIDE,1371
RbI[g],RUBIDIUM IODIDE (GAS),1372
RbO2,RUBIDIUM PEROXIDE,1373
Rb2O,RUBIDIUM OXIDE,1374
Rb2SiO3,RUBIDIUM METASILICATE,1375
Rb2Si2O5,RUBIDIUM DISILICATE,1376
Rb2Si4O9,RUBIDIUM TETRASILICATE,1377
Rb2SO4,RUBIDIUM SULFATE,1378
Re,RHENIUM,1379
Re[g],RHENIUM (GAS),1381
Re3As7,TRIRHENIUM HEPTAARSENIDE,1382
ReAsO4,RHENIUM ARSENATE,1383
ReBr3,RHENIUM TRIBROMIDE,1383
ReCl3,RHENIUM TRICHLORIDE,1384
ReO2,RHENIUM DIOXIDE,1384
ReO3,RHENIUM TRIOXIDE,1385
Re2O7,DIRHENIUM HEPTAOXIDE,1385
ReS2,RHENIUM DISULFIDE,1386
Re2S7,DIRHENIUM HEPTASULFIDE,1386
ReSi,RHENIUM SILICON,1387
ReSi2,RHENIUM 2-SILICON,1387
Re5Si3,5-RHENIUM 3-SILICON,1388
Re2Te5,DIRHENIUM PENTATELLURIDE,1388
Re2Y,2-RHENIUM YTTRIUM,1389
Rh,RHODIUM,1390
Rh[g],RHODIUM (GAS),1391
RhCl2[g],RHODIUM DICHLORIDE (GAS),1392
RhCl3,RHODIUM TRICHLORIDE,1392
RhO2[g],RHODIUM DIOXIDE (GAS),1393
Rh2O3,DIRHODIUM TRIOXIDE,1394
Rh3U,3-RHODIUM URANIUM,1394
Rn[g],RADON (MONOATOMIC GAS),1395
Ru,RUTHENIUM,1396
Ru[g],RUTHENIUM (GAS),1397
RuCl3,RUTHENIUM TRICHLORIDE,1398
RuCl3[g],RUTHENIUM TRICHLORIDE (GAS),1398
RuCl4[g],RUTHENIUM TETRACHLORIDE (GAS),1399
RuF5,RUTHENIUM PENTAFLUORIDE,1399
RuO2,RUTHENIUM DIOXIDE,1400
RuO3[g],RUTHENIUM TRIOXIDE (GAS),1400
RuO4[g],RUTHENIUM TETROXIDE (GAS),1401
RuS2,RUTHENIUM DISULFIDE,1401
RuSe2,RUTHENIUM DISELENIDE,1402
Ru3U,3-RUTHENIUM URANIUM,1402
S,"SULFUR (RHOMBIC, MONOCLINIC)",1403
S[g],SULFUR (GAS),1404
S2[g],SULFUR (GAS),1405
S3[g],SULFUR (GAS),1406
S4[g],SULFUR (GAS),1407
S5[g],SULFUR (GAS),1408
S6[g],SULFUR (GAS),1409
S7[g],SULFUR (GAS),1410
S8[g],SULFUR (GAS),1411
SBr2[g],SULFUR DIBROMIDE (GAS),1412
S2Br2[g],DISULFUR DIBROMIDE (GAS),1413
SCl[g],SULFUR MONOCHLORIDE (GAS),1414
SCl2[g],SULFUR DICHLORIDE (GAS),1415
S2Cl[g],DISULFUR CHLORIDE RADICAL (GAS),1416
S2Cl2,DISULFUR DICHLORIDE,1416
S2Cl2[g],DISULFUR DICHLORIDE (GAS),1417
SF[g],SULFUR MONOFLUORIDE (GAS),1417
SF2[g],SULFUR DIFLUORIDE (GAS),1418
SF3[g],SULFUR TRIFLUORIDE (GAS),1419
SF4[g],SULFUR TETRAFLUORIDE (GAS),1420
SF5[g],SULFUR PENTAFLUORIDE (GAS),1421
SF6[g],SULFUR HEXAFLUORIDE (GAS),1422
SSF2[g],SULFINOTHIOYL DIFLUORIDE (GAS),1423
S2F10[g],DISULFUR DECAFLUORIDE (GAS),1424
SN[g],SULFUR MONONITRIDE (GAS),1425
SO[g],SULFUR MONOXIDE (GAS),1426
SO2[g],SULFUR DIOXIDE (GAS),1427
SO3[g],SULFUR TRIOXIDE (GAS),1428
S2O[g],DISULFUR OXIDE (GAS),1429
SOCl2[g],SULFINYL DICHLORIDE (GAS),1430
SO2Cl2[g],SULFONYL DICHLORIDE (GAS),1430
SOF2[g],SULFINYL DIFLUORIDE (GAS),1431
SO2F2[g],SULFONYL DIFLUORIDE (GAS),1432
Sb,ANTIMONY,1433
Sb[g],ANTIMONY (GAS),1434
Sb2[g],ANTIMONY (GAS),1435
Sb4[g],ANTIMONY (GAS),1436
SbBr3,ANTIMONY TRIBROMIDE,1436
SbBr3[g],ANTIMONY TRIBROMIDE (GAS),1437
SbCl[g],ANTIMONY MONOCHLORIDE (GAS),1437
SbCl3,ANTIMONY TRICHLORIDE,1438
SbCl3[g],ANTIMONY TRICHLORIDE (GAS),1438
SbCl5[g],ANTIMONY PENTACHLORIDE (GAS),1439
SbF[g],ANTIMONY MONOFLUORIDE (GAS),1439
SbF3,ANTIMONY TRIFLUORIDE,1440
SbF3[g],ANTIMONY TRIFLUORIDE (GAS),1440
SbH3[g],ANTIMONY TRIHYDRIDE (GAS),1441
SbI3,ANTIMONY TRIIODIDE,1441
SbI3[g],ANTIMONY TRIIODIDE (GAS),1442
SbO[g],ANTIMONY OXIDE (GAS),1442
Sb2O3,DIANTIMONY TRIOXIDE (CUBIC),1443
Sb2O3[O],DIANTIMONY TRIOXIDE (ORTHORHOMBIC),1444
Sb2O4,DIANTIMONY TETRAOXIDE,1444
Sb2O5,DIANTIMONY PENTAOXIDE,1445
Sb4O6[g],TETRAANTIMONY HEXAOXIDE (GAS),1445
SbOCl,ANTIMONY CHLORIDE OXIDE,1446
SbS[g],ANTIMONY SULFIDE (GAS),1446
Sb2S3,DIANTIMONY TRISULFIDE (BLACK),1447
Sb2S3[g],DIANTIMONY TRISULFIDE (GAS),1447
Sb2S4[g],DIANTIMONY TETRASULFIDE (GAS),1448
Sb3S2[g],TRIANTIMONY DISULFIDE (GAS),1449
Sb2(SO4)3,DIANTIMONY TRISULFATE,1450
Sb4S3[g],TETRAANTIMONY TRISULFIDE (GAS),1450
SbSe[g],ANTIMONY SELENIDE (GAS),1451
Sb2Se3,DIANTIMONY TRISELENIDE,1451
Sb2Te3,DIANTIMONY TRITELLURIDE,1452
SbZn,ANTIMONY ZINC,1452
Sc,SCANDIUM,1453
Sc[g],SCANDIUM (GAS),1454
ScAsO4,SCANDIUM ARSENATE,1455
ScBr3,SCANDIUM BROMIDE,1455
ScCl3,SCANDIUM CHLORIDE,1456
ScF3,SCANDIUM FLUORIDE,1457
ScF3[g],SCANDIUM FLUORIDE (GAS),1458
ScN,SCANDIUM NITRIDE,1459
Sc2O3,SCANDIUM OXIDE,1460
Se,SELENIUM,1461
Se[g],SELENIUM (GAS),1461
Se2[g],SELENIUM (GAS),1462
Se3[g],SELENIUM (GAS),1463
Se4[g],SELENIUM (GAS),1464
Se5[g],SELENIUM (GAS),1465
Se6[g],SELENIUM (GAS),1466
Se7[g],SELENIUM (GAS),1467
Se8[g],SELENIUM (GAS),1468
SeBr2[g],SELENIUM DIBROMIDE (GAS),1469
Se2Br2[g],DISELENIUM DIBROMIDE (GAS),1470
SeCl2[g],SELENIUM DICHLORIDE (GAS),1471
SeCl4,SELENIUM TETRACHLORIDE,1471
Se2Cl2,DISELENIUM DICHLORIDE,1472
Se2Cl2[g],DISELENIUM DICHLORIDE (GAS),1472
SeF[g],SELENIUM FLUORIDE (GAS),1473
SeF2[g],SELENIUM DIFLUORIDE (GAS),1474
SeF4[g],SELENIUM TETRAFLUORIDE (GAS),1475
SeF5[g],SELENIUM PENTAFLUORIDE (GAS),1476
SeF6[g],SELENIUM HEXAFLUORIDE (GAS),1477
SeO[g],SELENIUM OXIDE (GAS),1478
SeO2,SELENIUM DIOXIDE,1478
SeO2[g],SELENIUM DIOXIDE (GAS),1479
Si,SILICON,1480
Si[g],SILICON (GAS),1481
Si2[g],SILICON (GAS),1482
Si3[g],SILICON (GAS),1483
SiBr[g],SILICON MONOBROMIDE (GAS),1484
SiBr2[g],SILICON DIBROMIDE (GAS),1485
SiBr3[g],SILICON TRIBROMIDE (GAS),1486
SiBr4,SILICON TETRABROMIDE,1486
SiBr4[g],SILICON TETRABROMIDE (GAS),1487
SiC,SILICON CARBIDE (CUBIC),1488
SiCl[g],SILICON CHLORIDE (GAS),1489
SiCl2[g],SILICON DICHLORIDE (GAS),1490
SiCl3[g],SILICON TRICHLORIDE (GAS),1491
SiCl4[g],SILICON TETRACHLORIDE (GAS),1492
SiF[g],SILICON FLUORIDE (GAS),1493
SiF2[g],SILICON DIFLUORIDE (GAS),1494
SiF3[g],SILICON TRIFLUORIDE (GAS),1495
SiF4[g],SILICON TETRAFLUORIDE (GAS),1496
SiH[g],SILICON HYDRIDE (GAS),1497
SiH4[g],SILANE (GAS),1498
Si2H6[g],DISILANE (GAS),1498
SiI[g],SILICON IODIDE (GAS),1499
SiI2[g],SILICON DIIODIDE (GAS),1500
SiI3[g],SILICON TRIIODIDE (GAS),1501
SiI4,SILICON TETRAIODIDE,1501
SiI4[g],SILICON TETRAIODIDE (GAS),1502
Si3N4,TRISILICON TETRANITRIDE (ALPHA),1503
SiO[g],SILICON OXIDE (GAS),1504
SiO2,SILICON DIOXIDE,1505
SiO2[CR],SILICON DIOXIDE (CRISTOBALITE),1506
SiOF2[g],SILICON DIFLUORIDE OXIDE (GAS),1506
SiP,SILICON PHOSPHIDE,1507
SiS[g],SILICON SULFIDE (GAS),1507
SiS2,SILICON DISULFIDE,1508
SiSe[g],SILICON SELENIDE (GAS),1509
SiTa2,SILICON 2-TANTALUM,1510
Si2Ta,2-SILICON TANTALUM,1511
Si3Ta5,3-SILICON 5-TANTALUM,1512
SiTh,SILICON THORIUM,1513
Si2Th,2-SILICON THORIUM,1514
Si2Th3,2-SILICON 3-THORIUM,1515
Si5Th3,5-SILICON 3-THORIUM,1516
SiTi,SILICON TITANIUM,1517
Si2Ti,2-SILICON TITANIUM,1518
Si3Ti5,3-SILICON 5-TITANIUM,1519
SiU,SILICON URANIUM,1520
SiU3,SILICON 3-URANIUM,1520
Si2U,2-SILICON URANIUM,1521
Si2U3,2-SILICON 3-URANIUM,1522
Si3U,3-SILICON URANIUM,1523
Si5U3,5-SILICON 3-URANIUM,1524
SiV3,SILICON 3-VANADIUM,1524
Si2V,2-SILICON VANADIUM,1525
Si3V5,3-SILICON 5-VANADIUM,1526
Si2W,2-SILICON TUNGSTEN,1527
Si3W5,3-SILICON 5-TUNGSTEN,1528
SiZr,SILICON ZIRCONIUM,1529
SiZr2,SILICON 2-ZIRCONIUM,1529
Si2Zr,2-SILICON ZIRCONIUM,1530
Si3Zr5,3-SILICON 5-ZIRCONIUM,1530
Sm,SAMARIUM,1531
Sm[g],SAMARIUM (GAS),1532
SmC2,SAMARIUM DICARBIDE,1533
SmCl2,SAMARIUM DICHLORIDE,1533
SmCl3,SAMARIUM TRICHLORIDE,1534
Sm2O3,DISAMARIUM TRIOXIDE (CUBIC),1534
Sm2O3[M],DISAMARIUM TRIOXIDE (MONOCLINIC),1535
SmOF,SAMARIUM FLUORIDE OXIDE,1536
Sm2Zr2O7,DISAMARIUM DIZIRCONIUM HEPTAOXIDE,1537
Sn,TIN (WHITE),1538
Sn[g],TIN (GAS),1539
Sn3(AsO4)2,TRITIN ARSENATE,1540
SnBr2,TIN DIBROMIDE,1540
SnBr4,TIN TETRABROMIDE,1541
SnBr4[g],TIN TETRABROMIDE (GAS),1541
SnCl[g],TIN MONOCHLORIDE (GAS),1542
SnCl2,TIN DICHLORIDE,1542
SnCl2[g],TIN DICHLORIDE (GAS),1543
SnCl4,TIN TETRACHLORIDE,1543
SnCl4[g],TIN TETRACHLORIDE (GAS),1544
SnF[g],TIN MONOFLUORIDE (GAS),1544
SnF2,TIN DIFLUORIDE,1545
SnF2[g],TIN DIFLUORIDE (GAS),1545
SnH4[g],TIN TETRAHYDRIDE (GAS),1546
SnI2,TIN DIIODIDE,1546
SnI2[g],TIN DIIODIDE (GAS),1547
SnI4,TIN TETRAIODIDE,1547
SnI4[g],TIN TETRAIODIDE (GAS),1548
Sn2I4[g],DITIN TETRAIODIDE (GAS),1548
SnO,TIN MONOXIDE,1549
SnO[g],TIN MONOXIDE (GAS),1549
SnO2,TIN DIOXIDE,1550
SnS,TIN MONOSULFIDE,1551
SnS[g],TIN MONOSULFIDE (GAS),1552
SnS2,TIN DISULFIDE,1552
Sn2S3,DITIN TRISULFIDE,1553
Sn3S4,TRITIN TETRASULFIDE,1553
SnSO4,TIN MONOSULFATE,1554
Sn(SO4)2,TIN DISULFATE,1554
SnSe,TIN MONOSELENIDE,1555
SnSe[g],TIN MONOSELENIDE (GAS),1555
SnSe2,TIN DISELENIDE,1556
SnTe,TIN MONOTELLURIDE,1556
SnTe[g],TIN MONOTELLURIDE (GAS),1557
Sr,STRONTIUM,1558
Sr[g],STRONTIUM (GAS),1559
Sr3(AsO4)2,STRONTIUM ARSENATE,1560
SrBr[g],STRONTIUM MONOBROMIDE (GAS),1561
SrBr2,STRONTIUM BROMIDE,1562
SrBr2[g],STRONTIUM BROMIDE (GAS),1563
SrC2,STRONTIUM DICARBIDE,1564
SrCO3,STRONTIUM CARBONATE,1564
SrCl[g],STRONTIUM MONOCHLORIDE (GAS),1565
SrCl2,STRONTIUM CHLORIDE,1566
SrCl2[g],STRONTIUM CHLORIDE (GAS),1567
SrF2,STRONTIUM FLUORIDE,1568
SrH2,STRONTIUM HYDRIDE,1569
SrI2,STRONTIUM IODIDE,1570
SrI2[g],STRONTIUM IODIDE (GAS),1571
SrMoO4,STRONTIUM MOLYBDATE,1572
Sr3N2,TRISTRONTIUM DINITRIDE,1572
SrO,STRONTIUM OXIDE,1573
SrO2,STRONTIUM PEROXIDE,1574
SrAl2O4,STRONTIUM DIALUMINIUM TETRAOXIDE,1574
SrOH[g],STRONTIUM MONOHYDROXIDE (GAS),1575
Sr(OH)2,STRONTIUM HYDROXIDE,1576
Sr(OH)2[g],STRONTIUM HYDROXIDE (GAS),1577
SrSiO3,STRONTIUM METASILICATE,1578
Sr2SiO4,STRONTIUM ORTHOSILICATE,1578
SrTiO3,STRONTIUM TITANIUM TRIOXIDE,1579
Sr2TiO4,DISTRONTIUM TITANIUM TETRAOXIDE,1580
Sr4Ti3O10,TETRASTRONTIUM TRITITANIUM DECAOXIDE,1581
SrZrO3,STRONTIUM ZIRCONIUM TRIOXIDE,1582
SrS,STRONTIUM SULFIDE,1583
SrS[g],STRONTIUM SULFIDE (GAS),1584
SrSO4,STRONTIUM SULFATE,1585
SrWO4,STRONTIUM TUNGSTATE,1586
Ta,TANTALUM,1587
Ta[g],TANTALUM (GAS),1589
TaB2,TANTALUM DIBORIDE,1591
TaBr5,TANTALUM PENTABROMIDE,1592
TaBr5[g],TANTALUM PENTABROMIDE (GAS),1592
TaC,TANTALUM MONOCARBIDE,1593
Ta2C,DITANTALUM CARBIDE,1594
TaCl[g],TANTALUM MONOCHLORIDE (GAS),1595
TaCl2[g],TANTALUM DICHLORIDE (GAS),1595
TaCl2.5,TANTALUM 2.5-CHLORIDE,1596
TaCl3,TANTALUM TRICHLORIDE,1596
TaCl3[g],TANTALUM TRICHLORIDE (GAS),1597
TaCl4,TANTALUM TETRACHLORIDE,1597
TaCl4[g],TANTALUM TETRACHLORIDE (GAS),1598
TaCl5,TANTALUM PENTACHLORIDE,1598
TaCl5[g],TANTALUM PENTACHLORIDE (GAS),1599
TaF5,TANTALUM PENTAFLUORIDE,1599
TaI5,TANTALUM PENTAIODIDE,1600
TaF5[g],TANTALUM PENTAFLUORIDE (GAS),1600
TaI5[g],TANTALUM PENTAIODIDE (GAS),1601
TaN,TANTALUM MONONITRIDE,1602
Ta2N,DITANTALUM NITRIDE,1603
TaO[g],TANTALUM MONOXIDE (GAS),1604
TaO2[g],TANTALUM DIOXIDE (GAS),1605
Ta2O5,DITANTALUM PENTOXIDE,1606
TaOCl3,TANTALUM TRICHLORIDE OXIDE,1607
TaOCl3[g],TANTALUM TRICHLORIDE OXIDE (GAS),1607
TaO2Cl,TANTALUM CHLORIDE DIOXIDE,1608
TaS[g],TANTALUM MONOSULFIDE (GAS),1608
TaS2,TANTALUM DISULFIDE,1609
Tb,TERBIUM,1610
Tb[g],TERBIUM (GAS),1611
TbBr3[g],TERBIUM TRIBROMIDE (GAS),1612
TbCl3,TERBIUM TRICHLORIDE,1613
TbCl3[g],TERBIUM TRICHLORIDE (GAS),1614
TbO1.72,TERBIUM 1.72-OXIDE,1614
TbO1.81,TERBIUM 1.81-OXIDE,1615
TbO2,TERBIUM DIOXIDE,1615
Tb2O3,DITERBIUM TRIOXIDE,1616
TbS[g],TERBIUM SULFIDE (GAS),1617
TbSe[g],TERBIUM SELENIDE (GAS),1618
TbTe[g],TERBIUM TELLURIDE (GAS),1619
Tc,TECHNETIUM,1620
Tc[g],TECHNETIUM (GAS),1622
TcO2,TECHNETIUM DIOXIDE,1623
TcO3,TECHNETIUM TRIOXIDE,1623
Tc2O7,DITECHNETIUM HEPTAOXIDE,1624
Tc2O7[g],DITECHNETIUM HEPTAOXIDE (GAS),1624
Te,TELLURIUM,1625
Te[g],TELLURIUM (GAS),1626
Te2[g],TELLURIUM (GAS),1627
TeBr4,TELLURIUM TETRABROMIDE,1627
TeCl2[g],TELLURIUM DICHLORIDE (GAS),1628
TeCl4,TELLURIUM TETRACHLORIDE,1628
TeCl4[g],TELLURIUM TETRACHLORIDE (GAS),1629
TeF[g],TELLURIUM MONOFLUORIDE (GAS),1630
TeF2[g],TELLURIUM DIFLUORIDE (GAS),1631
TeF4[g],TELLURIUM TETRAFLUORIDE (GAS),1632
TeF5[g],TELLURIUM PENTAFLUORIDE (GAS),1633
TeF6[g],TELLURIUM HEXAFLUORIDE (GAS),1634
TeO[g],TELLURIUM MONOXIDE (GAS),1635
TeO2,TELLURIUM DIOXIDE,1636
TeO2[g],TELLURIUM DIOXIDE (GAS),1637
Te2O2[g],DITELLURIUM DIOXIDE (GAS),1638
Th,THORIUM,1639
Th[g],THORIUM (GAS),1641
ThBr4,THORIUM TETRABROMIDE,1642
ThBr4[g],THORIUM TETRABROMIDE (GAS),1643
ThC1.94,THORIUM 1.94-CARBIDE,1644
ThCl4,THORIUM TETRACHLORIDE,1645
ThCl4[g],THORIUM TETRACHLORIDE (GAS),1646
ThF2[g],THORIUM DIFLUORIDE (GAS),1647
ThF3[g],THORIUM TRIFLUORIDE (GAS),1648
ThF4,THORIUM TETRAFLUORIDE,1649
ThF4[g],THORIUM TETRAFLUORIDE (GAS),1650
ThH2,THORIUM DIHYDRIDE,1650
ThI4,THORIUM TETRAIODIDE,1651
Thl4[g],THORIUM TETRAIODIDE (GAS),1652
ThN,THORIUM MONONITRIDE,1653
Th3N4,TRITHORIUM TETRANITRIDE,1654
Th2N2O,DITHORIUM DINITRIDE MONOXIDE,1655
ThO[g],THORIUM MONOXIDE (GAS),1656
ThO2,THORIUM DIOXIDE,1657
ThO2[g],THORIUM DIOXIDE (GAS),1658
ThOBr2,THORIUM DIBROMIDE OXIDE,1659
ThOCl2,THORIUM DICHLORIDE OXIDE,1659
ThOF2,THORIUM DIFLUORIDE OXIDE,1660
ThOl2,THORIUM DIIODIDE OXIDE,1660
ThP,THORIUM MONOPHOSPHIDE,1661
Th3P4,TRITHORIUM TETRAPHOSPHIDE,1662
ThRe2,THORIUM 2-RHENIUM,1663
ThS,THORIUM MONOSULFIDE,1663
ThS2,THORIUM DISULFIDE,1664
Th2S3,DITHORIUM TRISULFIDE,1665
Th(SO4)2,THORIUM DISULFATE,1665
Ti,TITANIUM,1666
Ti[g],TITANIUM (GAS),1667
Ti3(AsO4)2,TRITITANIUM DIARSENATE,1668
TiB,TITANIUM MONOBORIDE,1668
TiB2,TITANIUM DIBORIDE,1669
TiBr[g],TITANIUM MONOBROMIDE (GAS),1670
TiBr2,TITANIUM DIBROMIDE,1670
TiBr2[g],TITANIUM DIBROMIDE (GAS),1671
TiBr3,TITANIUM TRIBROMIDE,1671
TiBr3[g],TITANIUM TRIBROMIDE (GAS),1672
TiBr4,TITANIUM TETRABROMIDE,1672
TiBr4[g],TITANIUM TETRABROMIDE (GAS),1673
TiC,TITANIUM MONOCARBIDE,1674
TiCl[g],TITANIUM MONOCHLORIDE (GAS),1675
TiCl2,TITANIUM DICHLORIDE,1676
TiCl2[g],TITANIUM DICHLORIDE (GAS),1677
TiCl3,TITANIUM TRICHLORIDE,1677
TiCl3[g],TITANIUM TRICHLORIDE (GAS),1678
TiCl4,TITANIUM TETRACHLORIDE,1678
TiCl4[g],TITANIUM TETRACHLORIDE (GAS),1679
TiF[g],TITANIUM MONOFLUORIDE (GAS),1680
TiF2[g],TITANIUM DIFLUORIDE (GAS),1681
TiF3,TITANIUM TRIFLUORIDE,1681
TiF3[g],TITANIUM TRIFLUORIDE (GAS),1682
TiF4,TITANIUM TETRAFLUORIDE,1682
TiF4[g],TITANIUM TETRAFLUORIDE (GAS),1683
TiH2,TITANIUM DIHYDRIDE,1684
TiI[g],TITANIUM MONOIODIDE (GAS),1685
TiI2,TITANIUM DIIODIDE,1685
TiI2[g],TITANIUM DIIODIDE (GAS),1686
TiI3,TITANIUM TRIIODIDE,1686
TiI3[g],TITANIUM TRIIODIDE (GAS),1687
TiI4,TITANIUM TETRAIODIDE,1687
TiI4[g],TITANIUM TETRAIODIDE (GAS),1688
TiN,TITANIUM MONONITRIDE,1689
TiO,TITANIUM MONOXIDE,1690
TiO[g],TITANIUM MONOXIDE (GAS),1691
TiO2,TITANIUM DIOXIDE (RUTILE),1692
TiO2[A],TITANIUM DIOXIDE (ANATASE),1693
Ti2O3,DITITANIUM TRIOXIDE,1694
Ti3O5,TRITITANIUM PENTOXIDE,1695
Ti4O7,TETRATITANIUM HEPTAOXIDE,1696
TiOCl[g],TITANIUM CHLORIDE OXIDE (GAS),1697
TiOCl2[g],TITANIUM DICHLORIDE OXIDE (GAS),1698
TiOF[g],TITANIUM FLUORIDE OXIDE (GAS),1699
TiOF2[g],TITANIUM DIFLUORIDE OXIDE (GAS),1700
TiS,TITANIUM MONOSULFIDE,1701
TiS[g],TITANIUM MONOSULFIDE (GAS),1702
TiS2,TITANIUM DISULFIDE,1703
Tl,THALLIUM,1704
Tl[g],THALLIUM (GAS),1705
TlAsO4,THALLIUM ARSENATE,1705
TlBr,THALLIUM BROMIDE,1706
TlCl,THALLIUM CHLORIDE,1706
TlCl[g],THALLIUM CHLORIDE (GAS),1707
TlCl3,THALLIUM TRICHLORIDE,1707
Tl2Cl2[g],DITHALLIUM DICHLORIDE (GAS),1708
TlF,THALLIUM FLUORIDE,1708
TlF[g],THALLIUM FLUORIDE (GAS),1709
Tl2F2[g],DITHALLIUM DIFLUORIDE (GAS),1710
TlI,THALLIUM IODIDE,1711
TlI[g],THALLIUM IODIDE (GAS),1712
Tl2O,THALLIUM OXIDE,1712
Tl2O[g],THALLIUM OXIDE (GAS),1713
Tl2O3,DITHALLIUM TRIOXIDE,1713
Tl2S,THALLIUM SULFIDE,1714
Tl2SO4,THALLIUM SULFATE,1715
TlSe,THALLIUM SELENIDE,1716
Tl2Se,THALLIUM SELENIDE,1716
Tl2Te,THALLIUM TELLURIDE,1717
Tm,THULIUM,1717
Tm[g],THULIUM (GAS),1718
TmBr3[g],THULIUM TRIBROMIDE (GAS),1719
TmCl3,THULIUM TRICHLORIDE,1719
TmCl3[g],THULIUM TRICHLORIDE (GAS),1720
TmF3,THULIUM TRIFLUORIDE,1721
TmF3[g],THULIUM TRIFLUORIDE (GAS),1722
TmI3[g],THULIUM TRIIODIDE (GAS),1723
Tm2O3,DITHULIUM TRIOXIDE,1724
U,URANIUM,1725
U[g],URANIUM (GAS),1727
UB2,URANIUM DIBORIDE,1728
UB4,URANIUM TETRABORIDE,1728
UB12,URANIUM DODECABORIDE,1729
UBr3,URANIUM TRIBROMIDE,1729
UBr4,URANIUM TETRABROMIDE,1730
UBr4[g],URANIUM TETRABROMIDE (GAS),1730
UBr5,URANIUM PENTABROMIDE,1731
UC,URANIUM MONOCARBIDE,1731
UC1.94,URANIUM 1.94-CARBIDE,1732
U2C3,DIURANIUM TRICARBIDE,1733
UCl3,URANIUM TRICHLORIDE,1734
UCl4,URANIUM TETRACHLORIDE,1735
UCl4[g],URANIUM TETRACHLORIDE (GAS),1736
UCl5,URANIUM PENTACHLORIDE,1736
UCl5[g],URANIUM PENTACHLORIDE (GAS),1737
UCl6,URANIUM HEXACHLORIDE,1737
UCl6[g],URANIUM HEXACHLORIDE (GAS),1738
UF3,URANIUM TRIFLUORIDE,1738
UF4,URANIUM TETRAFLUORIDE,1739
UF4[g],URANIUM TETRAFLUORIDE (GAS),1739
UF4.25,URANIUM 4.25-FLUORIDE,1740
UF4.5,URANIUM 4.5-FLUORIDE,1740
UF5,URANIUM PENTAFLUORIDE,1741
UF5[g],URANIUM PENTAFLUORIDE (GAS),1741
UF6,URANIUM HEXAFLUORIDE,1742
UF6[g],URANIUM HEXAFLUORIDE (GAS),1742
UH3[B],URANIUM TRIHYDRIDE (BETA),1743
UI3,URANIUM TRIIODIDE,1743
UI4,URANIUM TETRAIODIDE,1744
UI4[g],URANIUM TETRAIODIDE (GAS),1744
UN,URANIUM NITRIDE,1745
UO2,URANIUM DIOXIDE,1746
UO3,URANIUM TRIOXIDE (ORTHORHOMBIC),1747
U3O8,TRIURAN. OCTAOXIDE (ORTHORHOMBIC),1747
U4O9,TETRAURANIUM NONAOXIDE,1748
UOBr2,URANIUM DIBROMIDE OXIDE,1748
UOBr3,URANIUM TRIBROMIDE OXIDE,1749
UO2Br2,URANIUM DIBROMIDE DIOXIDE,1749
UOCl,URANIUM CHLORIDE OXIDE,1750
UOCl2,URANIUM DICHLORIDE OXIDE,1750
UOCl3,URANIUM TRICHLORIDE OXIDE,1751
UO2Cl2,URANIUM DICHLORIDE DIOXIDE,1751
UO2F2,URANIUM DIFLUORIDE DIOXIDE,1752
UO3*H2O,URANIUM TRIOXIDE MONOHYDRATE,1752
UO3*2H2O,URANIUM TRIOXIDE DIHYDRATE,1753
UO2(NO3)2,URANIUM DINITRATE DIOXIDE,1753
UO2SO4,URANIUM SULFATE DIOXIDE,1754
US,URANIUM SULFIDE,1754
US[g],URANIUM SULFIDE (GAS),1755
US2,URANIUM DISULFIDE,1756
U2S3,DIURANIUM TRISULFIDE,1757
U(SO4)2,URANIUM DISULFATE,1757
USe,URANIUM SELENIDE,1758
V,VANADIUM,1759
V[g],VANADIUM (GAS),1760
VB,VANADIUM BORIDE,1761
VB2,VANADIUM DIBORIDE,1762
V3B2,TRIVANADIUM DIBORIDE,1763
V3B4,TRIVANADIUM TETRABORIDE,1764
VBr2,VANADIUM DIBROMIDE,1764
VBr3,VANADIUM TRIBROMIDE,1765
VBr4[g],VANADIUM TETRABROMIDE (GAS),1765
VC0.88,VANADIUM 0.88-CARBIDE,1766
V2C,DIVANADIUM CARBIDE,1767
VCl2,VANADIUM DICHLORIDE,1767
VCl2[g],VANADIUM DICHLORIDE (GAS),1768
VCl3,VANADIUM TRICHLORIDE,1768
VCl4,VANADIUM TETRACHLORIDE,1769
VCl4[g],VANADIUM TETRACHLORIDE (GAS),1769
VF3,VANADIUM TRIFLUORIDE,1770
VF4,VANADIUM TETRAFLUORIDE,1770
VF5[g],VANADIUM PENTAFLUORIDE (GAS),1771
VI2,VANADIUM DIIODIDE,1771
VI3,VANADIUM TRIIODIDE,1772
VI2[g],VANADIUM DIIODIDE (GAS),1772
VN0.465,VANADIUM 0.465-NITRIDE,1773
VN,VANADIUM NITRIDE,1774
VO,VANADIUM OXIDE,1775
VO[g],VANADIUM OXIDE (GAS),1776
VO2[g],VANADIUM DIOXIDE (GAS),1777
V2O3,DIVANADIUM TRIOXIDE,1778
V2O4,DIVANADIUM TETRAOXIDE,1779
V2O5,DIVANADIUM PENTAOXIDE,1780
VOCl3,VANADIUM TRICHLORIDE OXIDE,1780
VOCl3[g],VANADIUM TRICHLORIDE OXIDE (GAS),1781
W,TUNGSTEN,1782
W[g],TUNGSTEN (GAS),1784
WBr[g],TUNGSTEN BROMIDE (GAS),1785
WBr5,TUNGSTEN PENTABROMIDE,1786
WBr5[g],TUNGSTEN PENTABROMIDE (GAS),1786
WBr6,TUNGSTEN HEXABROMIDE,1787
WBr6[g],TUNGSTEN HEXABROMIDE (GAS),1787
WC,TUNGSTEN CARBIDE,1788
W2C,DITUNGSTEN CARBIDE,1789
W(CO)6,TUNGSTEN HEXACARBONYL,1789
W(CO)6[g],TUNGSTEN HEXACARBONYL (GAS),1790
WCl[g],TUNGSTEN CHLORIDE (GAS),1791
WCl2,TUNGSTEN DICHLORIDE,1792
WCl2[g],TUNGSTEN DICHLORIDE (GAS),1792
WCl4,TUNGSTEN TETRACHLORIDE,1793
WCl4[g],TUNGSTEN TETRACHLORIDE (GAS),1793
WCl5,TUNGSTEN PENTACHLORIDE,1794
WCl5[g],TUNGSTEN PENTACHLORIDE (GAS),1794
WCl6,TUNGSTEN HEXACHLORIDE,1795
WCl6[g],TUNGSTEN HEXACHLORIDE (GAS),1796
W2Cl10[g],DITUNGSTEN DECACHLORIDE (GAS),1797
WF[g],TUNGSTEN FLUORIDE (GAS),1798
WF6[g],TUNGSTEN HEXAFLUORIDE (GAS),1799
WO[g],TUNGSTEN OXIDE (GAS),1800
WO2,TUNGSTEN DIOXIDE,1801
WO2[g],TUNGSTEN DIOXIDE (GAS),1802
WO2.72,TUNGSTEN 2.72-OXIDE,1803
WO2.90,TUNGSTEN 2.90-OXIDE,1804
WO2.96,TUNGSTEN 2.96-OXIDE,1805
WO3,TUNGSTEN TRIOXIDE,1806
WO3[g],TUNGSTEN TRIOXIDE (GAS),1807
W2O6[g],DITUNGSTEN HEXAOXIDE (GAS),1808
W3O8[g],TRITUNGSTEN OCTAOXIDE,1809
W3O9[g],TRITUNGSTEN NONAOXIDE (GAS),1810
W4O12[g],TETRATUNGSTEN DODECAOXIDE (GAS),1811
WOCl4,TUNGSTEN TETRACHLORIDE OXIDE,1811
WOCl4[g],TUNGSTEN TETRACHLORIDE OXIDE (GAS),1812
WO2Cl2,TUNGSTEN DICHLORIDE DIOXIDE,1812
WO2Cl2[g],TUNGSTEN DICHLORIDE DIOXIDE (GAS),1813
WOF4,TUNGSTEN TETRAFLUORIDE OXIDE,1813
WOF4[g],TUNGSTEN TETRAFLUORIDE OXIDE (GAS),1814
WO2I2[g],TUNGSTEN DIIODIDE DIOXIDE (GAS),1814
WS2,TUNGSTEN DISULFIDE,1815
Xe[g],XENON (GAS),1815
Y,YTTRIUM,1816
Y[g],YTTRIUM (GAS),1817
YAsO4,YTTRIUM ARSENATE,1818
YCl3,YTTRIUM TRICHLORIDE,1818
YF3,YTTRIUM TRIFLUORIDE,1819
YI3,YTTRIUM TRIIODIDE,1820
YN,YTTRIUM NITRIDE,1820
Y2O3,DIYTTRIUM TRIOXIDE,1821
Y2Zr2O7,DIYTTRIUM DIZIRCONIUM HEPTAOXIDE,1822
Yb,YTTERBIUM,1823
Yb[g],YTTERBIUM (GAS),1824
YbCl2,YTTERBIUM DICHLORIDE,1824
YbCl3,YTTERBIUM TRICHLORIDE,1825
YbCl3[g],YTTERBIUM TRICHLORIDE (GAS),1825
Yb2O3,DIYTTERBIUM TRIOXIDE,1826
Zn,ZINC,1827
Zn[g],ZINC (GAS),1828
Zn3As2,ZINC ARSENIDE,1829
Zn3(AsO4)2,ZINC ARSENATE,1830
ZnBr2,ZINC BROMIDE,1830
ZnBr2[g],ZINC BROMIDE (GAS),1831
ZnCO3,ZINC CARBONATE,1831
ZnCl2,ZINC CHLORIDE,1832
ZnCl2[g],ZINC CHLORIDE (GAS),1832
ZnF2,ZINC FLUORIDE,1833
ZnF2[g],ZINC FLUORIDE (GAS),1834
Znl2,ZINC IODIDE,1834
ZnI2[g],ZINC IODIDE (GAS),1835
Zn3N2,ZINC NITRIDE,1835
ZnO,ZINC OXIDE,1836
Zn3O(SO4)2,TRIZINC DISULFATE OXIDE,1837
ZnSiO3,ZINC METASILICATE,1837
Zn2SiO4,ZINC ORTHOSILICATE (WILLEMITE),1838
Zn2TiO4,DIZINC TITANIUM TETRAOXIDE,1839
ZnP2,ZINC DIPHOSPHIDE,1840
Zn3P2,TRIZINC DIPHOSPHIDE,1841
Zn3(PO4)2,ZINC PHOSPHATE,1842
ZnS,ZINC SULFIDE (WURTZITE),1843
ZnS[g],ZINC SULFIDE (GAS),1844
ZnS[S],ZINC SULFIDE (SPHALERITE),1844
ZnSO4,ZINC SULFATE,1845
ZnSO4*H2O,ZINC SULFATE MONOHYDRATE,1845
ZnSO4*2H2O,ZINC SULFATE DIHYDRATE,1846
ZnSO4*6H2O,ZINC SULFATE HEXAHYDRATE,1846
ZnSO4*7H2O,ZINC SULFATE HEPTAHYDRATE,1847
ZnSe,ZINC SELENIDE,1847
ZnSe[g],ZINC SELENIDE (GAS),1848
ZnSeO3,ZINC SELENITE,1848
ZnTe,ZINC TELLURIDE,1849
ZnTe[g],ZINC TELLURIDE (GAS),1849
ZnWO4,ZINC TUNGSTATE,1850
Zr,ZIRCONIUM,1851
Zr[g],ZIRCONIUM (GAS),1853
ZrB2,ZIRCONIUM DIBORIDE,1854
ZrBr[g],ZIRCONIUM MONOBROMIDE (GAS),1855
ZrBr2,ZIRCONIUM DIBROMIDE,1856
ZrBr2[g],ZIRCONIUM DIBROMIDE (GAS),1857
ZrBr3,ZIRCONIUM TRIBROMIDE,1857
ZrBr3[g],ZIRCONIUM TRIBROMIDE (GAS),1858
ZrBr4,ZIRCONIUM TETRABROMIDE,1858
ZrBr4[g],ZIRCONIUM TETRABROMIDE (GAS),1859
ZrC,ZIRCONIUM CARBIDE,1860
ZrCl[g],ZIRCONIUM MONOCHLORIDE (GAS),1861
ZrCl2,ZIRCONIUM DICHLORIDE,1862
ZrCl2[g],ZIRCONIUM DICHLORIDE (GAS),1863
ZrCl3,ZIRCONIUM TRICHLORIDE,1863
ZrCl3[g],ZIRCONIUM TRICHLORIDE (GAS),1864
ZrCl4,ZIRCONIUM TETRACHLORIDE,1864
ZrCl4[g],ZIRCONIUM TETRACHLORIDE (GAS),1865
ZrF[g],ZIRCONIUM MONOFLUORIDE (GAS),1866
ZrF2,ZIRCONIUM DIFLUORIDE,1867
ZrF2[g],ZIRCONIUM DIFLUORIDE (GAS),1868
ZrF3,ZIRCONIUM TRIFLUORIDE,1868
ZrF3[g],ZIRCONIUM TRIFLUORIDE (GAS),1869
ZrF4,ZIRCONIUM TETRAFLUORIDE,1870
ZrF4[g],ZIRCONIUM TETRAFLUORIDE (GAS),1871
ZrH[g],ZIRCONIUM HYDRIDE (GAS),1872
ZrI[g],ZIRCONIUM MONOIODIDE (GAS),1873
ZrI2,ZIRCONIUM DIIODIDE,1874
ZrI2[g],ZIRCONIUM DIIODIDE (GAS),1875
ZrI3,ZIRCONIUM TRIIODIDE,1875
ZrI3[g],ZIRCONIUM TRIIODIDE (GAS),1876
ZrI4,ZIRCONIUM TETRAIODIDE,1876
ZrI4[g],ZIRCONIUM TETRAIODIDE (GAS),1877
ZrN,ZIRCONIUM NITRIDE,1878
ZrO[g],ZIRCONIUM MONOXIDE (GAS),1879
ZrO2,ZIRCONIUM DIOXIDE,1880
ZrO2[g],ZIRCONIUM DIOXIDE (GAS),1881
ZrSiO4,ZIRCONIUM ORTHOSILICATE,1882
ZrS[g],ZIRCONIUM MONOSULFIDE (GAS),1883
ZrS2,ZIRCONIUM DISULFIDE,1884
e-[g],ELECTRON (GAS),1885
